timestamp,active_window,highlight,ocr_text
2026-06-14T20:41:14,Laptop Monitor,~ © covmssse XW Meet-op-atote — @ BAM Keys- Grog x + + Ask Gein | € > GS aowalegioacomeys Br Of | QPOQ Personal = 7 deteutProect = | ariKeys - | ‘Mana,"~ © covmssse XW Meet-op-atote — @ BAM Keys- Grog x + + Ask Gein | € > GS aowalegioacomeys Br Of | QPOQ Personal = 7 deteutProect = | ariKeys - | ‘Manage your project API Keys. Remember to ke, =) @ Svekey Geta tee ay ~ conolegrogcom | f sendepee)# | BQ0G@00%POCme GER"
2026-06-14T20:41:16,localhost:5000 - Google Chrome,Y) © cavnassoe | © ecalnost000 | © Meet | © XB Mites -coqcous x tecitoss000 w+ | BQe0G@o0ePomeud Gees | Phkemins OX | sham Mendl(ou preening),Y) © cavnassoe | © ecalnost000 | © Meet | © XB Mites -coqcous x tecitoss000 w+ | BQe0G@o0ePomeud Gees | Phkemins OX | sham Mendl(ou preening)
2026-06-14T20:41:18,Laptop Monitor - Google Chrome,"Y) © cavnassoe X | Met-opetove — @ x |B AMKe-Groqcous % © pep Montor w+ Phkemins OX | € > SO eathosts000 | @ Laptop MONITOR | Search window tiles, hig","Y) © cavnassoe X | Met-opetove — @ x |B AMKe-Groqcous % © pep Montor w+ Phkemins OX | € > SO eathosts000 | @ Laptop MONITOR | Search window tiles, highlights, OCR tex | mx DIF): | (StS -Cretng Sings Submit Google Chrome (0 Dison in Competitive Pogamming | Math for CP | osregmconor ol GING = atprovencevcourtwe + Gaus[W) DRoin Compete Pry + -Ox| = yoube™ | woe YouTube combinatorics pplyisteSES =*|9. ‘combinatorics pplayist x tome CEA | Csts Pro | ZFQog@o00P Cmte da CCB"
2026-06-14T20:41:20,Laptop Monitor - Google Chrome,@ LAPTOP MONITOR,@ LAPTOP MONITOR
2026-06-14T20:41:23,Laptop Monitor,~ © covmssse XW Meet-p-atote — @ XB AK -Grogcout % © Uptep Mentor x + + Ask Gein | © > GO Lecalhost:s000 Ber OF | LarTop MONITOR swe | ww LAPTOP MONIT,~ © covmssse XW Meet-p-atote — @ XB AK -Grogcout % © Uptep Mentor x + + Ask Gein | © > GO Lecalhost:s000 Ber OF | LarTop MONITOR swe | ww LAPTOP MONITOR — | Sore tay Geta rey = cole goacom | dress ae < ‘Screomhets\acreen ae-eeisri_ | SehomMendl eu resenting | ‘@urToP MoNTOR WecamaunexiMetopton 2708. ae mks “et sere seat | BQoGgQ@000P OCmA HOGER A 09 NOHO yocme #
2026-06-14T20:41:25,Laptop Monitor,~ © covmssse XB Mect-gpetone — @ XB AMKeys-Groqiout % © Uptep Mentor x + + Ask Gemini | © % SO Lecathost:5000 Ber Oo fF | ° Grog API Key. Save Key Get,~ © covmssse XB Mect-gpetone — @ XB AMKeys-Groqiout % © Uptep Mentor x + + Ask Gemini | © % SO Lecathost:5000 Ber Oo fF | ° Grog API Key. Save Key Get a free key ~ console. grogcom | BQoGgQ@000P OCmA HOGER 2 Oo HO oc zes F
2026-06-14T20:41:26,Laptop Monitor - Google Chrome,Y) © cavnassoe X | Met-opetove — @ x |B AMKe-Groqcous % © pep Montor w+ Phkemins OX | € > SO eathosts000 mx DIF): | @ Laptop MONITOR Aitoeesh int | ol,"Y) © cavnassoe X | Met-opetove — @ x |B AMKe-Groqcous % © pep Montor w+ Phkemins OX | € > SO eathosts000 mx DIF): | @ Laptop MONITOR Aitoeesh int | ol apres 56 | Search window tiles, highlights, OCR tex | Laptop Mor - Google Crome Iocamosson0- Google Chrome | ‘roqcous% © pep Montor ws Phkains OX|€> SO Nites coqcous x teoss0 w> | | ‘atoss00|@ Laptop MONITOR | earch window aco eedePomed Gees Pern O| sham | ties 9 Menai proving) | ZQogQ@G000P OCme da CCR A700 Meae yee"
2026-06-14T20:41:27,Laptop Monitor - Google Chrome,Y) © cavnassoe X | Met-opetove — @ x |B AMKe-Groqcous % © pep Montor x + Phkemins OX | © > © © becatnoss000 Be oF | @ Laptop MONITOR foveeshin Os | Te,Y) © cavnassoe X | Met-opetove — @ x |B AMKe-Groqcous % © pep Montor x + Phkemins OX | © > © © becatnoss000 Be oF | @ Laptop MONITOR foveeshin Os | Tet cpr 19570 | Laptop Montor- Google home Laptop Moto - Google Crome | (@ wor MoNTOR ¥) © camassoeX| Met opetove — @ xB AMKe | ‘Groqecus © pep Montor ws Pains OX | €> SO | ‘exthoss00 | @ Lapp MONITOR |Search window | ‘Hes ig | Laptop Motor | = © commsse XB Mect-gpetone — @ XB AMKeye | Grogiout% © Uptep Mentor x ++ Ak amin [© % | 50 Lecathost000 Ber Oo fF |* Grog AP Ky. Sve | Key et | mewdwOoces 209 Meme Rie
2026-06-14T20:41:32,Laptop Monitor - Google Chrome,Y) © cavnassoe X | Met-opetove — @ x |B AMKe-Groqcous % © Uptep Mentor x + Phkemins 0 x | © > © © becatnoss000 mx DIF): | @ Laptop MONITOR | Laptop Mo,Y) © cavnassoe X | Met-opetove — @ x |B AMKe-Groqcous % © Uptep Mentor x + Phkemins 0 x | © > © © becatnoss000 mx DIF): | @ Laptop MONITOR | Laptop Montor- Google Come Laptop Moter- Google Crome Laptop Mentor laptop Monitor | 1) © camassoe X| Met opetove— ¥ © camassoe x Met opetove — @ xb AK = © conmsse XB Mectgpetone — @ X8 AMKeys | {© becatnss0008e oF | @ Laptop MONITOR extoss000 mx IF: | @ Laptop MONITOR Ntovesh SO Lecathos5000 Ber Oo fF | Grog AP Key. Save {60 tecahsts000 Ber OF | arop MONITOR si | | Aoveesin Os Te intlot ey Get ‘UsTOP MONIT | neomeece eomed Goce
2026-06-14T20:41:33,application_monitoring - File Explorer,(m ptiaon mentoring x | © © D> TPE > Wind) > sprbeion montaing > | xo @ GB Nin Bim | Loomea | Mme . onemeiias | pe | Hoanes ¢ Mate oeamszott rete | Br,(m ptiaon mentoring x | © © D> TPE > Wind) > sprbeion montaing > | xo @ GB Nin Bim | Loomea | Mme . onemeiias | pe | Hoanes ¢ Mate oeamszott rete | Bron ¢ Moet woeameinet er | Ou 4 Bm woramsm ow hie | Bice oe | Becnmnee woeaméinst Moot Co. | ose | Dm rocamsiei2 —rynsnwcefie | Bevosanoee osamsris ponte mea. | Geel || Ce rrocausie2 —_ryonsnocerie | mee | mews rosamsier2 —_ponSauefie | moron] Batons rowan ns yon snore | [Misco est reas 5 dows bonnie | > monecos| Brome woeameinst ovata rie | »OmD Bicsoue roeaners6 atom Sore | > eon | Mteenn oeam6 TIS Wado Bune | Smomog | Bsr scone eoeauermss Mato Sore | a Bsc rosamsier2 —_ponsnucfe | a resamsison rie | > erento | 19am | Remseeces 186 | | HBQe0G@o0ePomed Gees | ‘Search appleation monitoring a | AO ome yt
2026-06-14T20:41:35,application_monitoring - File Explorer,@ LAPTOP MONITOR | rQOG0COC0CPOmMEGCR A909 OHO nome #,@ LAPTOP MONITOR | rQOG0COC0CPOmMEGCR A909 OHO nome #
2026-06-14T20:41:36,application_monitoring - File Explorer,(m ptiaon mentoring x | © © D> TPE > Wind) > sprbeion montaing > | xo @ GB Nin Bim | Loomea | Mme . onemeiias | pe | Hoanes ¢ Mate oeamszott rete | Br,(m ptiaon mentoring x | © © D> TPE > Wind) > sprbeion montaing > | xo @ GB Nin Bim | Loomea | Mme . onemeiias | pe | Hoanes ¢ Mate oeamszott rete | Bron ¢ Moet woeameinet er | Ou 4 Bm woramsm ow hie | Bice oe | Becnmnee woeaméinst Moot Co. | ose | Dm rocamsiei2 —rynsnwcefie | Bevosanoee osamsris ponte mea. | Geel || Ce rrocausie2 —_ryonsnocerie | mee | mews rosamsier2 —_ponSauefie | moron] Batons rowan ns yon snore | [Misco est reas 5 dows bonnie | > monecos| Brome woeameinst ovata rie | »OmD Bicsoue roeaners6 atom Sore | > eon | Mteenn oeam6 TIS Wado Bune | Smomog | Bsr scone eoeauermss Mato Sore | a Bsc rosamsier2 —_ponsnucfe | a resamsison rie | > erento | 19am | Remseeces 186 | | HBQ0G@o0%Pomea Gees | ‘Search appleation monitoring a | AO ome yt
2026-06-14T20:41:38,Laptop Monitor - Google Chrome,Y) © cavnassoe X | Met-opetove — @ x |B AMKe-Groqcous % © pep Montor x + Phkemins = 0 x | mx DIF): | © > © © becatnoss000 | @ Laptop MONITOR | Laptop ,Y) © cavnassoe X | Met-opetove — @ x |B AMKe-Groqcous % © pep Montor x + Phkemins = 0 x | mx DIF): | © > © © becatnoss000 | @ Laptop MONITOR | Laptop Moter- Google Crome Laptop Mentor laptop Monitor | ¥ © camassoe x Met opetove — @ xb AK = © conmsse XB Mectgpetone — @ X8 AMKeys | ‘roqcous% © pep Montor ws Phkemins OX|€> SO Grejout % © Uptop Mentors» + ASkGemini|©% _Grogeaut % © Uptep Menor x ++ Ak ein] © > | extoss000 mx IF: | @ Laptop MONITOR Ntovesh SO Lecathos5000 Ber Oo fF | Grog AP Key. Save {60 tecahsts000 Ber OF | arop MONITOR si | | intlot ey Get ‘UsTOP MONIT | naomeece ePomedoee
2026-06-14T20:41:39,Laptop Monitor - Google Chrome,Y) © cavnassoe X | Met-opetove — @ x |B AMKe-Groqcous % © pep Montor w+ Phkemins OX | € > SO eathosts000 Be oF | @ Laptop MONITOR ‘Aoreteshin ds | Tot,Y) © cavnassoe X | Met-opetove — @ x |B AMKe-Groqcous % © pep Montor w+ Phkemins OX | € > SO eathosts000 Be oF | @ Laptop MONITOR ‘Aoreteshin ds | Tot care 84 | - = walt ale | sppeation montoring Fe per sepaton monitoring Fe plrer sppatin montoring Fe poet Laptop Montor- Google home | {m plaon mentoring x] © © D> TPE> Wine > {@ LAPTOP MONITOR | ;AOGaCOCHCPOMMEGER {mpaon mentoring x] © © D> TPE> Wind) > 1) © camassoeX| Met opetove— @ x6 AMKe | Sprbion montaing > |30.@ GB Nin Bim | Loom | 1903 HO nome # “Speion montang > |30.@ GB Nin Bn Looe | ‘Groqeaue © Uptep Mentor + Phtemins Ox] © > | ‘Me. onemeias |p | Hoanes¢ Mate onaszot rete me onemeias pe |Hoanes € Mate oeamezot rete | © © bectnosst0 mx I |@ Laptop MONTTOR | | Ie lee Laptop Mo | Laptop Monto - Google rome Laptop Montr- Google Come Laptop Mentor Laptop Monitor | 16 camassoe X| Met opetove— @ xB AMKe- ¥ © camassoe x Met opetove — @ x 8AM = © coumsse XB Mectgpctone — @ X8 AMKeys = © commase XW Meet p-tote—@ XB AK- | {© becatns00 8 o | @ Laptop MONITOR fenoss000 mF: | @ Laptop MONITOR Ntoeesh SO ecathosS000 Br Oo f° Grog AP Kay. Save {60 Lecaosts000 Ber OF |Larfop MONITOR se | | Aoveeshin Os fe iatlol Key Get UeroP MONIT
2026-06-14T20:41:40,Laptop Monitor - Google Chrome,Y) © cavnassoe X | Met-opetove — @ x |B AMKe-Groqcous % © pep Montor w+ Phkemins OX | © > © © becatnoss000 | @ Laptop MONITOR ‘trash in 2s | Tote | sp,Y) © cavnassoe X | Met-opetove — @ x |B AMKe-Groqcous % © pep Montor w+ Phkemins OX | © > © © becatnoss000 | @ Laptop MONITOR ‘trash in 2s | Tote | sppeation montoring Fe per sepaton monitoring Fe plrer sppatin montoring Fe poet Laptop Montor- Google home | {m plaon mentoring x] © © D> TPE> Wine > {@ LAPTOP MONITOR | ;AOGaCOCHCPOMMEGER {mpaon mentoring x] © © D> TPE> Wind) > 1) © camassoeX| Met opetove— @ x6 AMKe | Sprbion montaing > |30.@ GB Nin Bim | Loom | 1903 HO nome # “Speion montang > |30.@ GB Nin Bn Looe | ‘Gogeaus% © Uptep Mentor x + Phkerins Ox] © > | ‘Me. onemeias |p | Hoanes¢ Mate onaszot rete Mme onemoias|pe|Hoanes € Mate ceamsztt rte © © bectnoss00 mx DIF | @ Laptop MONTOR | | lee Laptop Wo | BQ0G@o0%P Ome GER
2026-06-14T20:41:41,Laptop Monitor - Google Chrome,Y) © cavnassoe X | Met-opetove — @ x |B AMKe-Groqcous % © pep Montor w+ Phkemins OX | € > SO eathosts000 Be oF | @ Laptop MONITOR At een | Tt copies 8,Y) © cavnassoe X | Met-opetove — @ x |B AMKe-Groqcous % © pep Montor w+ Phkemins OX | € > SO eathosts000 Be oF | @ Laptop MONITOR At een | Tt copies 804 | Sprbion montaing > |30.@ GB Nin Bim | Loom | 18909 OHO nome # “pion montaing > |30.@ GB in Bn Loom | ‘Groqeaue © Uptep Mentor + Phtemins Ox] © > | ene ones |e | Hoanes€ Mate onaezot rete me onemeias pe |Hoanes € Mate oeamezot rete | © © bectnosst0 mx I |@ Laptop MONTTOR | | Ie lee Laptop Wo | ‘aptop Monitor - Goole ome Laptop Montr- Google Come Laptop Mentor Laptop Mentor | 16 camassoe X| Met opetove— @ xB AMKe- 1 © camassoex| Met-opetove — @ x8 AMR = © coumsse XB Mectgpctone — @ X8 AMKeys = © commsse XW Meet p-atote—@ XB AK- | {© becatns00 8 o | @ Laptop MONITOR fenoss000 mF: | @ Laptop MONITOR Ntoeesh SO ecathosS000 Br Oo f° Grog AP Kay. Save {60 Lecaosts000 Ber OF |Larfop MONITOR se | | Aoveeshin Os fe iatlol Key Get UeroP MONIT
2026-06-14T20:41:42,Laptop Monitor - Google Chrome,Y) © cavnassoe x | € > SO eathosts000 | @ Laptop MONITOR | Laptop Montor- Google Come | {© camasoe X| Met opetove — | .Groqous % © pep Montor w» Phkai,Y) © cavnassoe x | € > SO eathosts000 | @ Laptop MONITOR | Laptop Montor- Google Come | {© camasoe X| Met opetove — | .Groqous % © pep Montor w» Phkains Xx | €> SO | ‘eathoss000| @ Lapp MONITOR | Search window | thes ig | © Meet | © % |B aMtes-Coqous « | laptop Mentor | © couse XB Mectgpstone ~ @ XB AMKeys- | Grogiout % © Uptep Menor + Ak Gemini | © | SO Lecathost 000 Ber Oo f= Grog API Key. Save | Key Get | ¥) © camassoe | © ecshost00 | © Meet | © x8 | Mites -cogeus x ecitss000w* | | ‘or0@otePomeud Ges | PhkeminsOX|sham | Mendiou preening) | © prep Monitor w+ | = © coumsse XW Meet op atote — @ BAM Keys | Grog + Ak Gein | €> GS aowolegioacomey 8 Of | [1QP00 Personal = 7 detetroet =| aie | Phkemins OX | mx DIF): | Laptop Moir - Google Chrome | {@ LAPTOP MONTOR. | (StS - Creating Sings Submit - Google chrome | ‘081 yesbecomotcn=dom cpa? | wosregrncooor ol GING = ckprauncevacurt we + | BQe0g@o0ePomed Gees
2026-06-14T20:41:43,Laptop Monitor - Google Chrome,@ Laptop MONITOR torcheshin ds | Tt capt 19587 | (@Diisrin Compete Pogramiming Matte forCP..._)Dhisarsin Compete Programming | Maths forCP...__ (Osx i,"@ Laptop MONITOR torcheshin ds | Tt capt 19587 | (@Diisrin Compete Pogramiming Matte forCP..._)Dhisarsin Compete Programming | Maths forCP...__ (Osx inCampetive Progamming [Math for CP_.__ (4) Diizarin Compete Pagramiming | Mats fo CP | ohtectre 2: whatiedensocN= (rot Contino ty uF &YAS 16 | Number of Facts) The Divers in Comptitie Programming [Mats for CP Number of|Zomeh > REGED Ar | — (Sra ais | | {@youlobe™ numberof postive dvsors ofa rnbern denote by #1 | count, Sum, Product Seve |eryoneenea aero ‘Take 264 | “cembinaories cp plist x03 tome Ct Aur 2) can be alee using ite rine Factorization [EL Cem = SF The number of postive dco | ZFQog@o00P Cme da CCR 700 Mowe yee"
2026-06-14T20:41:44,Laptop Monitor - Google Chrome,Y) © cavnassoe X | Met-opetove — @ x |B AMKe-Groqcous % © pep Montor w+ Phkemins OX | € > SO eathosts000 Be oF | @ Laptop MONITOR thin 3 | ol ates 858,Y) © cavnassoe X | Met-opetove — @ x |B AMKe-Groqcous % © pep Montor w+ Phkemins OX | € > SO eathosts000 Be oF | @ Laptop MONITOR thin 3 | ol ates 8587 | Laptop Monitor - Google Crome Laptop Motor - Google Crome Laptop Monitor - Google home Tepes artg = ae oe | {© becainss0 | @ Laptop MONITOR wash 25] etoss000 Be oF | @ Laptop MONITOR Aoreesin ie enmeias |pe | Hoanes¢ Mate oxomszot rete | Tete sp slot it | appaton montoing Fl pbrer epson monting He plore Laptop Montr- oogi ome Laptop Mont - Google ome | {@ LAPTOP MONITOR | ;2OGICOCDCPOMMEGCR (0 plioon mentoring x] © © D> TE > Wind) » 96 cavasoe X| Met opetove—@ xB AMKe 1 © camassoeX| Met opctove— @ xB AMKe | 1808 O10 nome ® Sprbon montaing > |30.@ GBNin Bim |Loomea| —_—Grogcous © Uptep Mentor PhkeminsOx|©> Grogs © pep Manor x + Phkamins OKO > © | me .onemeias |e |Hoanes€Mateoeamezot ete © © becatnows0 mx DIF: 1@ Laptop MONTTOR| {© becatnoss00 8e oF | @ Laptop MONITOR | i Laptop Mo foveeshin Os Te | BQ208@00%POmMIeM GER
2026-06-14T20:41:45,Laptop Monitor - Google Chrome,"Y) © cavnassoe X | Met-opetove — @ x |B AMKe-Groqcous « | € > SO eathosts000 | @ Laptop MONITOR | Search window tiles, highlights, OCR tex | Laptop Mo","Y) © cavnassoe X | Met-opetove — @ x |B AMKe-Groqcous « | € > SO eathosts000 | @ Laptop MONITOR | Search window tiles, highlights, OCR tex | Laptop Montor- Google Come | 1) © camassoe X| Met opetove— @ x16 AMKe- | .Groqeaus % © pep Montor ws Pari OX © > © | {© becainss0 | @ Laptop MONITOR wash 25] | Tete sp | Laptop Motr- Google Crome | ¥ © camassoe x Met opetove — @ xb AK | ‘Groqcous 3 © pep Montor ws Phkening OX [€ > SO | etoss000 Be oF |@ Laptop MONITOR Aoreesin | © prep Monitor x | Laptop Montor- Google home | Phkemins OX | mx DIF): | sppeaton monitoring Fe poner | {m poon mentoring x] © © D> TPE > Wind) > | Spin montaing > |30 @ GB Nin Bim | Loomes | | ie enmeias |pe | Hoanes¢ Mate oxomszot rete | comeaeiée"
2026-06-14T20:41:47,Laptop Monitor - Google Chrome,"utoreech in de | Tt captures 1982 | @ Laptop MONITOR | Search window ties, highlights, OCR tet | laptop Meio - Google Crome Laptop Mentor Google home ","utoreech in de | Tt captures 1982 | @ Laptop MONITOR | Search window ties, highlights, OCR tet | laptop Meio - Google Crome Laptop Mentor Google home Laptop Moto - Google Crome | Grogeous «| €> SO ethost0 | © Laptop {@Diern Compete Fogramiming Mate MONITOR | Laptop Montor- Google Come | | [MONITOR |Search window les ghighis OCRtex| __enthoss000 Be oF |@ Laptop MONITOR tin 3 ol forcP_Ohisasin Compete rogremming | Maths ‘amasoe X| Met opetove— | Grogous % © pop | aptop Mo ates 858 forcr— (Ost) Mentor ws Pai | mel Mamma]"
2026-06-14T20:41:49,application_monitoring - File Explorer,(m ptiaon mentoring x | © © D> TPE > Wind) > sprbeion montaing > | xo @ GB Nin Bim | Loomea | Mme . onemeiias | pe | Hoanes ¢ Mate oeamszott rete | Br,(m ptiaon mentoring x | © © D> TPE > Wind) > sprbeion montaing > | xo @ GB Nin Bim | Loomea | Mme . onemeiias | pe | Hoanes ¢ Mate oeamszott rete | Bron ¢ Moet woeameinet er | Ou 4 Bm woramsm ow hie | Bice oe | Becnmnee woeaméinst Moot Co. | ose | Dm rocamsiei2 —rynsnwcefie | Bevosanoee osamsris ponte mea. | Geel || Ce rrocausie2 —_ryonsnocerie | mee | mews rosamsier2 —_ponSauefie | moron] Batons rowan ns yon snore | [Misco est reas 5 dows bonnie | > monecos| Brome woeameinst ovata rie | »OmD Bicsoue roeaners6 atom Sore | > eon | Mteenn oeam6 TIS Wado Bune | Smomog | Bsr scone eoeauermss Mato Sore | a Bsc rosamsier2 —_ponsnucfe | a resamsison rie | > erento | 19am | Remseeces 186 | | HBQeG@o0ePomed Gees | ‘Search appleation monitoring a | AO ome yt
2026-06-14T20:42:35,Laptop Monitor - Google Chrome,"eto reeahin 2s | Tt captures 1882 | @ Laptop MONITOR | Search window ties, highlights, OCR tet | laptop Meio - Google Crome Laptop Mentor Google home ","eto reeahin 2s | Tt captures 1882 | @ Laptop MONITOR | Search window ties, highlights, OCR tet | laptop Meio - Google Crome Laptop Mentor Google home Laptop Moto - Google Crome | Grogeous «| €> SO ethost0 | © Laptop {@Diern Compete Fogramiming Mate MONITOR | Laptop Montor- Google Come | | [MONITOR |Search window les ghighis OCRtex| __enthoss000 Be oF |@ Laptop MONITOR tin 3 ol forcP_Ohisasin Compete rogremming | Maths ‘amasoe X| Met opetove— | Grogous % © pop | aptop Mo ates 858 forcr— (Ost) Mentor ws Pai | mel Mammal"
2026-06-14T20:42:36,Laptop Monitor - Google Chrome,"@ Laptop MONITOR | Search window ties, highlights, OCR tet | Laptop Monitor -Gogle Crome | ‘to reeshin 27 captures 1882 | @ Laptop | MONITOR | Search ","@ Laptop MONITOR | Search window ties, highlights, OCR tet | Laptop Monitor -Gogle Crome | ‘to reeshin 27 captures 1882 | @ Laptop | MONITOR | Search window es. ghights, OCR et | | laptop Maio - Google rome Laptop Mentor Google | sepaton monitoring le plrer | (m plaon mentoring x] © © D> TE > Wind) > | Sprbcion monting>|30 @ GB Nin Bim | Loomes | | ‘Mme ones |e | Hoanes € Mate ocamszot rte | ‘eto reeahin Os | Tt captres 19895, | Laptop Motor Google home | ‘toreech nde Tt coptres 1982 @ Leptop | MONITOR | each window es highlghs OC et | | laptop Meio - Google Crome Laptop Mentor Google | Laptop Moto - Google Crome | 1) © camassoe X| Met opetove— | Geogeaus «| €> SO eathstt00 | SOnTON| Ssh id tsi OCR | pop Mo"
2026-06-14T20:42:41,application_monitoring - File Explorer,(m ptiaon mentoring x o x; | © © D> TWwPC > Windows (C) > appleton monitoring > ‘Search oppleaton manterog =} | XO @ & O heme mv oe Drei | | oomints #,"(m ptiaon mentoring x o x; | © © D> TWwPC > Windows (C) > appleton monitoring > ‘Search oppleaton manterog =} | XO @ & O heme mv oe Drei | | oomints # Name ° Ss Es , | Bovanens # ME prate osama) feta f | Brae ¢ [Mieeenbos eee eae] | Om 6 Bw osama Owe 10 | Bice oe | Becnmnee Weosambme Miso alco. 1 | Besse pccere oszms iat onSnwcehle 8 | Lecteneel Le) Wosambae Misono. 18 | Somes Bcewer esas ie ponSowcnhle 18 | B vous ‘sams 26 PronSowcnfle OX | Brop ontr 06065 Winombwhie 18 | Bron osamsane onan ie | Brow 20606 6 Maowmsowce 78 | Bicominn 060615 Winombie 6b | sissies 0M ‘06251715 Matdomsonce= 3B | Bsceneseoe aiasamsssao mafia pe | oe nee a"
2026-06-14T20:42:50,clean_log - Excel,No readable content found.,
2026-06-14T20:42:51,clean_log - Excel,eomed GCeer,eomed GCeer
2026-06-14T20:42:52,clean_log - Excel,ce ogee Ne en,ce ogee Ne en
2026-06-14T20:42:53,clean_log - Excel,eomed GCeer,eomed GCeer
2026-06-14T20:42:56,application_monitoring - File Explorer,(m ptiaon mentoring x | x Oo D CG OG Ws Bi vew- oe | £ Dowsioads # Name - Date modifies Tyee | noe 2 | =e ee | Geos) eee eo ee | us 6 Bw weoramszos iv,"(m ptiaon mentoring x | x Oo D CG OG Ws Bi vew- oe | £ Dowsioads # Name - Date modifies Tyee | noe 2 | =e ee | Geos) eee eo ee | us 6 Bw weoramszos ive | wo ey <a eee | sind ee — | Bop launcner 12.06.2026 1115, Python Fle (no co | Meeronmome | euctet poenr 13-06-2026 1024 ‘Pynon Source File | R526 | apts 12-06-2026 1812 -yton Source File | BB SOHOMMOND. | |B eames 12-06-2006 1812 ytton Source ile | Bown oo | poss) Oo esos tov | > Soweto <a com | yom || a= een | So || eee aati trons | Sonn —a vm | 2 nen veeme By SHARE TS README 12-06-2026 1715, Markdown Source — | HQ08000%POmetu CCR | ‘Search appleation monitoring | 09 SN eae"
2026-06-14T20:42:59,activity_timeline - Excel,(me soptaionmentaing =X | © > GB > TWePC > Windows (C) > applation monitoring > Sch application monitoring a | © new o @e¢ 9 Nm we = Preien | HQ0G@00%,(me soptaionmentaing =X | © > GB > TWePC > Windows (C) > applation monitoring > Sch application monitoring a | © new o @e¢ 9 Nm we = Preien | HQ0G@00%f Ome GCR A 00 Beam Ree
2026-06-14T20:43:00,activity_timeline - Excel,eomed GCeer,eomed GCeer
2026-06-14T20:43:09,application_monitoring - File Explorer,(m ptiaon mentoring x | L Dowsioads # Name - | Cea | Cas | Ben] meee | Bopp tauncher | Mirco mort eacet poco | creme] So | aed WE ceanjog | cecra|| Ge,"(m ptiaon mentoring x | L Dowsioads # Name - | Cea | Cas | Ben] meee | Bopp tauncher | Mirco mort eacet poco | creme] So | aed WE ceanjog | cecra|| Gens | B contig. | coronas | Bons | oweecndt || Mire emer | us, Bon | own | Bom | co | Bem | This Pc Desens | > windows (C2 ma | > New Volume Bevoonsnn | B sarees px0ue | ans | hem selec Ses | | > Windows) > applation montoing > | Sot ew = | BQoG®@00%P Cmte SCR | yon Soc ile | Pyton fae con | yon Soc file | yon Soc ie | yon Soacefile | yon Soa ile | yon Soacefie | ‘Search appleation monitoring | 09 SN eae"
2026-06-14T20:44:44,primary_bucket - Excel,No readable content found.,
2026-06-14T20:44:45,primary_bucket - Excel,primary bucket,primary bucket
2026-06-14T20:44:46,primary_bucket - Excel,ecomed eer,ecomed eer
2026-06-14T20:44:47,primary_bucket - Excel,primary bucket | eomed GCeer,primary bucket | eomed GCeer
2026-06-14T20:44:48,primary_bucket - Excel,fe Home Inst Draw Pape Layout Fomulas ata Revew View Help Acrobat © Commer | | fae | a ee ay 0 | =e |* ~ 9 | 8) oes ees See fee se Se | primary bucket,fe Home Inst Draw Pape Layout Fomulas ata Revew View Help Acrobat © Commer | | fae | a ee ay 0 | =e |* ~ 9 | 8) oes ees See fee se Se | primary bucket 5 | oe e Gece. 709 OHO yt
2026-06-14T20:44:49,primary_bucket - Excel,eomed GCeer,eomed GCeer
2026-06-14T20:44:50,primary_bucket - Excel,eomed GCeer,eomed GCeer
2026-06-14T20:44:51,primary_bucket - Excel,primary bucket 4 | eomed GCeer,primary bucket 4 | eomed GCeer
2026-06-14T20:44:52,primary_bucket - Excel,"x a4 Z)P~ | wapren = | 2 Bp ""- §7 O >, | SIME start_timeend time duration app svdd_buckcategory_main_taskcore_phrases | innit HEH 1m 55s Chrome primar","x a4 Z)P~ | wapren = | 2 Bp ""- §7 O >, | SIME start_timeend time duration app svdd_buckcategory_main_taskcore_phrases | innit HEH 1m 55s Chrome primary _[LEARNIN(~ A© covr sppeation montoring fe per sepaton monitoring fe plrer sppatin montoring fe | . primary bucket | ot CA SCRE -00 Sone me"
2026-06-14T20:44:53,primary_bucket - Excel,start_timdend_time duration app _svdd_buckcategory main_taskcore_phrases | primary bucket | eomed GCeer,start_timdend_time duration app _svdd_buckcategory main_taskcore_phrases | primary bucket | eomed GCeer
2026-06-14T20:45:42,primary_bucket - Excel,"utes in | Tol apres 9595 | @ Laptop MONITOR | Search window ties, highlights, OCR tet | Laptop Monitor -Gogle Crome sepaton monitoring le plrer Laptop","utes in | Tol apres 9595 | @ Laptop MONITOR | Search window ties, highlights, OCR tet | Laptop Monitor -Gogle Crome sepaton monitoring le plrer Laptop Motor Google home | ‘to reeshin 27 captures 1882 | @ Laptop (m plaon mentoring x] © © D> TE > Wind) > ‘toreech nde Tt coptres 1982 @ Leptop | MONITOR |Search window tes, ighighs OCRtet|___sprbxion montaing > [20 @ GB Nin Bim | Looms | MONITOR | each window es highlghs OC et | | laptop Maio - Google Crome Laptop Mentor Google Mme cnemeias|pe Hanes € Mate oeamott rte laptop Moo - Google Come Laptop Mentor Googe"
2026-06-14T20:45:45,primary_bucket - Excel,1 POSSE OATALOSS. Some exes mgt es ou sesh wotbookin comand fm To pes ee eaten se naa fc ema | start_timeend_time duration app _svdd_buckcategory main,1 POSSE OATALOSS. Some exes mgt es ou sesh wotbookin comand fm To pes ee eaten se naa fc ema | start_timeend_time duration app _svdd_buckcategory main_taskcore_phrases | ‘Haiti Hi 1m 55s Chrome primary [LEARNING] Learning & Development |~ A© covr sppeation montoring fe per sepaton monitoring fe pl | primary bucket | eomed GCeer
2026-06-14T20:45:51,primary_bucket - Excel,"utes in | Tol apres 9595 | @ Laptop MONITOR | Search window ties, highlights, OCR tet | Laptop Monitor -Gogle Crome sepaton monitoring le plrer Laptop","utes in | Tol apres 9595 | @ Laptop MONITOR | Search window ties, highlights, OCR tet | Laptop Monitor -Gogle Crome sepaton monitoring le plrer Laptop Motor Google home | ‘to reeshin 27 captures 1882 | @ Laptop (m plaon mentoring x] © © D> TE > Wind) > ‘toreech nde Tt coptres 1982 @ Leptop | MONITOR |Search window tes, ighighs OCRtet|___sprbxion montaing > [20 @ GB Nin Bim | Looms | MONITOR | each window es highlghs OC et | | laptop Maio - Google Crome Laptop Mentor Google Mme cnemeias|pe Hanes € Mate oeamott rte laptop Moo - Google Come Laptop Mentor Googe"
2026-06-14T20:45:52,Laptop Monitor - Google Chrome,"@ Laptop MONITOR | Search window ties, highlights, OCR tet | primary bck cel | “tat tindend time dation app sed buckeategory | ‘main taskeore pases pr","@ Laptop MONITOR | Search window ties, highlights, OCR tet | primary bck cel | “tat tindend time dation app sed buckeategory | ‘main taskeore pases primary buckt | eomed | at 2P- [waren =|269°-87 0 > |SIME | Stormer time dation app | ‘yl bckategory main askeore pases innit HEH | 1m SS Chrome primar | ZFQeog@Go00P OCmedGCRs | pir bucket ae | Primary bucket | eomed Cue | omed Gceee | 200 Meme yg"
2026-06-14T20:45:53,Laptop Monitor - Google Chrome,Xi Meet-gpetome — @ XB AM Keys Groqiow % © Uptep Mentor x + + Ask Gemini x | © © ocahosts000 Be oO Ff | @ Laptop MONITOR 2 ‘ves | Star. time duration ,"Xi Meet-gpetome — @ XB AM Keys Groqiow % © Uptep Mentor x + + Ask Gemini x | © © ocahosts000 Be oO Ff | @ Laptop MONITOR 2 ‘ves | Star. time duration psd buckategary x94 Z| opren = |2 89570 >, | SIME primary bucket | eomed cee omed Gceee | Seer ‘id bckategory moi accor pass innit HEH | HQOGOCGOCHOmMEAGEBH +05 Kea ,.Be"
2026-06-14T20:45:54,Meet – ojp-exko-fve - Google Chrome,X (Wi Met-apatohe OK) B Aes Grogan % | © Uptep Mentor xt | St hkemini x. | € > SF @© reergeogiecomojp-eto-e Br Of | 2004 | cp-ntosve © Sham reat c=D «,"X (Wi Met-apatohe OK) B Aes Grogan % | © Uptep Mentor xt | St hkemini x. | € > SF @© reergeogiecomojp-eto-e Br Of | 2004 | cp-ntosve © Sham reat c=D «: | People x | Q Search for people | You are presenting | To avd an infty miro, dot share your entre screen or browser window. | ‘Share ust tab oa ferent window instead. | Showmyserenanwoy Sp presenting @ stonuimatted | @ srvrcainsntncone Qi | CaF SSOORF | i‘ sos #"
2026-06-14T20:45:55,Meet – ojp-exko-fve - Google Chrome,Phkemins OX | € > FO mecrgoogiecomioip-xto-fe Bx Of: | 20s | op-eso-tve ©) Stembona 6 presenting Gz=D | People x | | Q search for people | You are pre,Phkemins OX | € > FO mecrgoogiecomioip-xto-fe Bx Of: | 20s | op-eso-tve ©) Stembona 6 presenting Gz=D | People x | | Q search for people | You are presenting | ‘To void an infty miro dont shore your ene screen or browser window | ‘Share ustatab ora ciferent window instead. | sneer?) es Gif) © & | (eH ean Qo: | @) @ serrate Q | soto Mona
2026-06-14T20:46:01,primary_bucket - Excel,1 POSSE OATALOSS. Some exes mgt es ou sesh wotbookin comand fm To pes ee eaten se naa fc ema | start_timeend_time duration app _svdd_buckcategory main,1 POSSE OATALOSS. Some exes mgt es ou sesh wotbookin comand fm To pes ee eaten se naa fc ema | start_timeend_time duration app _svdd_buckcategory main_taskcore_phrases | ‘Haiti Hi 1m 55s Chrome primary [LEARNING] Learning & Development |~ A© covr sppeation montoring fe per sepaton monitoring fe pl | primary bucket | eomed GCeer
2026-06-14T20:46:43,primary_bucket - Excel,1 POSSE OATALOSS. Some exes mgt es ou sesh wotbookin comand fm To pes ee eaten se naa fc ema | start_timeend_time duration app _svdd_buckcategory main,1 POSSE OATALOSS. Some exes mgt es ou sesh wotbookin comand fm To pes ee eaten se naa fc ema | start_timeend_time duration app _svdd_buckcategory main_taskcore_phrases | ‘Haiti Hi 1m 55s Chrome primary [LEARNING] Learning & Development |~ A© covr sppeation montoring fe per sepaton monitoring fe pl | primary bucket
2026-06-14T20:46:44,primary_bucket - Excel,1 POSSE OATALOSS. Some exes mgt es ou sesh wotbookin comand fm To pes ee eaten se naa fc ema | start_timeend_time duration app _svdd_buckcategory main,1 POSSE OATALOSS. Some exes mgt es ou sesh wotbookin comand fm To pes ee eaten se naa fc ema | start_timeend_time duration app _svdd_buckcategory main_taskcore_phrases | ‘Haiti Hi 1m 55s Chrome primary [LEARNING] Learning & Development |~ A© covr sppeation montoring fe per sepaton monitoring fe pl | primary bucket | eome md GCeer
2026-06-14T20:46:47,,1m optaonmentorng x + : | © 3% GD > TWsFC > Windows) > apptation montoing > ‘Search applation menitoring a | x © @ © OD Nene wv ow mei | Edom # Name a,1m optaonmentorng x + : | © 3% GD > TWsFC > Windows) > apptation montoing > ‘Search applation menitoring a | x © @ © OD Nene wv ow mei | Edom # Name ate meat Tine ae Y | \eos2ms200—aWrie or ‘ | 2op2m6 1812 Pons ile ne | 12062061715 PYbonFetnoco 18K | 05261024 FybonSewceile SA | 2052061812 FYbonSwcfie a | 2052061812 AYbonSoucefle 4K | ozs 182 FybonSouce ile ae | 130521251025 PybonSowcefile 9K | Mi tep Mentor 120520261735 Wenows Baten fle 11 | > mcoucores31| main 12052061812 FybonSowce ile ae | > ceive Conds | mentor 40262046 Oaatnetie gM | > msc FB nay duet 052620 MwioRelCo. 1K | ace BD rcxove 120620061736 Mrkdousouce 7K | te. PB secondo at 40526204 Mario eco. i | dv wnsre Micon ain 2.052006 1735 Wan Bate le | Seman | BENSON 120520061735 Marko Sauce | wasn Bevage ozs 182 FybonSouce ie | © Rnamosetons ziosamsism rile AE | ns | them lect 47 oe | é - ee
2026-06-14T20:46:55,primary_bucket - Excel,1 POSSE OATALOSS. Some exes mgt es ou sesh wotbookin comand fm To pes ee eaten se naa fc ema | start_timeend_time duration app _svdd_buckcategory main,1 POSSE OATALOSS. Some exes mgt es ou sesh wotbookin comand fm To pes ee eaten se naa fc ema | start_timeend_time duration app _svdd_buckcategory main_taskcore_phrases | ‘Haiti Hi 1m 55s Chrome primary [LEARNING] Learning & Development |~ A© covr sppeation montoring fe per sepaton monitoring fe pl | primary bucket | eomedGCeer
2026-06-14T20:47:17,primary_bucket - Excel,1 POSSE OATALOSS. Some exes mgt es ou sesh wotbookin comand fm To pes ee eaten se naa fc ema | start_timeend_time duration app svdd_buckeategory main_,1 POSSE OATALOSS. Some exes mgt es ou sesh wotbookin comand fm To pes ee eaten se naa fc ema | start_timeend_time duration app svdd_buckeategory main_taskcore_phrases | primary bucket
2026-06-14T20:47:18,primary_bucket - Excel,No readable content found.,
2026-06-14T20:47:19,primary_bucket - Excel,omed@eer,omed@eer
2026-06-14T20:48:54,primary_bucket - Excel,© > © © meergoogleconicip-eto-ve Be Bf: | 20:46 | cprentorve © Soamnt ou preentng c=D «: | Q Search for people | You are presenting | ‘Tove aniniity m,"© > © © meergoogleconicip-eto-ve Be Bf: | 20:46 | cprentorve © Soamnt ou preentng c=D «: | Q Search for people | You are presenting | ‘Tove aniniity miro, doa shore your ene sreen or browser window. | ‘Share usa abo a lent window instead. | Contrutors 2A | Srowmy seaman») (_ Sep remtng ermueaices | ‘Stem QE | ‘Shubhobrata Bhattacharya QD | ov eee | “+ 980 mae"
2026-06-14T20:52:25,primary_bucket - Excel,omedeer,omedeer
2026-06-14T20:52:28,primary_bucket - Excel,@ LAPTOP MONITOR | BQ0BO2G0SPOmeMGCRE A909 O00 none #,@ LAPTOP MONITOR | BQ0BO2G0SPOmeMGCRE A909 O00 none #
2026-06-14T20:52:29,primary_bucket - Excel,eomed GCeer,eomed GCeer
2026-06-14T20:52:30,application_monitoring - File Explorer,(m ptiaon mentoring x | © D> ThsPC > Windows(C) > appclon menitring > | @ @ OF Nene ve | Edom # | Name | Boccmes ¢ Rew | Brass 6 Mscw.o9 | rg Reconcne,(m ptiaon mentoring x | © D> ThsPC > Windows(C) > appclon menitring > | @ @ OF Nene ve | Edom # | Name | Boccmes ¢ Rew | Brass 6 Mscw.o9 | rg Reconcne | Hives 9) 2 | cet al) CES | Boone | Mewes? || es | wemesamine | ge | merce Bens | merrotcsonner| Bm aanenns | Bsop one | > mmconcorsss| min | > mceriecanst |B nostr | > eon Brow | > eon Gesu | cd Cera | Femme | Bowens | Bevase | > eerie Bag | ans | em selec 47 oes | | ‘Search appleation monitoring | 09 SN eae
2026-06-14T20:53:00,application_monitoring - File Explorer,@ LAPTOP MONITOR | BQ0GB200%P oma SCRE A909 O00 none &,@ LAPTOP MONITOR | BQ0GB200%P oma SCRE A909 O00 none &
2026-06-14T20:53:02,Laptop Monitor,1m optaonmentorng x + | © > 1 © © > There | Dowioeds # | Bi dvamens + | moncone # | Beaty + | te eptp monte | me ans amsene | > Imcesme canst] Bl mont,1m optaonmentorng x + | © > 1 © © > There | Dowioeds # | Bi dvamens + | moncone # | Beaty + | te eptp monte | me ans amsene | > Imcesme canst] Bl montor | ren FB nay duet | > @omotve Brom | ye omone PB secondo at | Micon anain | vm mere | = 1B sass ADM | > wnowe | B cose | mee Bat mode | > Windows) > apptation monitoring > | Son tow | @ y LAPTOP MONITOR | 2 Wert summary | Search ppliation montering | Swe Key Getattee ey ~ consclegrogcom | © Reinstat patages
2026-06-14T20:53:38,application_monitoring - File Explorer,(m ptiaon mentoring x | © D> ThsPC > Windows(C) > appclon menitring > | @ @ OF Nene ve | Edom # | Name | Boccmes ¢ Rew | Brass 6 Mscw.o9 | rg Reconcne,(m ptiaon mentoring x | © D> ThsPC > Windows(C) > appclon menitring > | @ @ OF Nene ve | Edom # | Name | Boccmes ¢ Rew | Brass 6 Mscw.o9 | rg Reconcne | Hives 9) 2 | cet al) CES | Boone | Mewes? || es | wemesamine | ge | merce Bens | merrotcsonner| Bm aanenns | Bsop one | > mmconcorsss| min | > mceriecanst |B nostr | > eon Brow | > eon Gesu | cd Cera | Femme | Bowens | Bevase | > eerie Bag | ans | em selec 47 oes | | ‘Search appleation monitoring | 09 SN eae
2026-06-14T20:55:41,Notepad,"> cestvecoutt| Ri pinay.buaet | > msc PB con, oice | DOES Bron sunny | > @ombive | v mmsrc | > wnowe | BQeaG@G0Pomeud Cee | Search dat store | %S saw ","> cestvecoutt| Ri pinay.buaet | > msc PB con, oice | DOES Bron sunny | > @ombive | v mmsrc | > wnowe | BQeaG@G0Pomeud Cee | Search dat store | %S saw | OD Preiew"
2026-06-14T20:55:42,work_summary.txt - Notepad,« © B_> TFC > Wndows(C) > loptopmonitrng > dtastore > Seoreh data stoe a | Onn % © ® ota © ree | <== = 4 MaLcuMe) votiotsl asurpt pre PoP Rod impat(ee,"« © B_> TFC > Wndows(C) > loptopmonitrng > dtastore > Seoreh data stoe a | Onn % © ® ota © ree | <== = 4 MaLcuMe) votiotsl asurpt pre PoP Rod impat(ee astra wom wok X 6 + OX | 5 S| mas le fat View MWe ey BTS Om ® we dae | Bre Mors panne, | On 3) cen T__ 0m stu — avto-updated every hur T | Hvac: | moe | meomone 9 | Maser q | {Rcvo,tmainr RE Learning & Developeent 298 585 | Boaey + | Bee scriviry Tveuane | Desepucae, 1949 7— 13:54 ME Learning & Developnent (4m 555) Chrome | Cpe OT hak cenit | ame) 0 8 | nengcaoma | ||| Oe Dose = 2:56.) earing& Dvelapant (1s) chrome | meron Sor cint ke ake Skee) € | since k 3 | Mcenoo —_an:57 — 13:50 RM Learning Development (263) Chrome | mosnsoe |B cone OF tut eatoonsonmicProge x + | Phkcmins | 12:50 = 13:59"" My MY Learning & Developeent (295) chrone | Bows SF turst satoonsoyanicrroge i Pricenins | SSS 5 13:50 — 33150. WM Learning & Development (10s) Chrome | O's turst satoonsoyanicoroge ne Pricenins | > mceaveconst| Wormer 14:00 = 14:01 BBL coding (in 63) chrone | ature atoons mamichoge x + Phkenins x | | > Bruca FBsrcontntse ygroy — sacar MM Learning & evelopment (16s) Chrome | Sa = O'S) «seavers Aazoan couresteet x | 620g | ou = as02 MM Coding (565) Crone | oe ites | erences int Wino mun ura | tetas | ie ec 99018 |"
2026-06-14T20:55:43,work_summary.txt - Notepad,« © B_> TFC > Wndows(C) > loptopmonitrng > dtastore > Seach ata store | 75 7 Be mca; tmtintsl ssiigl pie Pade Pot Katine asad wotamm wo)» + OFX | Oees,"« © B_> TFC > Wndows(C) > loptopmonitrng > dtastore > Seach ata store | 75 7 Be mca; tmtintsl ssiigl pie Pade Pot Katine asad wotamm wo)» + OFX | Oeesoll os Fle lt View My ey BTS 0 B® ew deo | Brac 6 | Men T__ om sur — aut-updated every hour o | wien 9 || OP | moon Learning & Development: 298 8s | Fone tmece | Bain + scrivnry rivecine | Bono 15:49 — 13:54 MM Learning & Development (4m 555) chrome | mevvcemont | nc pce ‘Ask enn Gane) 0.8 | HoonecoDowAa | meester | a cure for int ke a ke § Kee) € | 1/ since k 3 | teers? | gnccmny 977 :58 AL Leaning etme (6) creme | mesee | Beane saise— 18139, Lecningf evelopeet (m0) Chrome | + turst satoonsononictroge i Pricenins | Bows 13:59 = 15:59. MM Learning & Development (10s) chrome | > meoucorssa:| BM astooas + turst aatoonsymanictroge Ke Pricenins | 14:09 — 4:01 MHL Coding (in 65) Chrome | > mewvecinst | Mima nce start atoons manichoge x + phkemins x | | Vous MEOL= 4:01 RyRy Learning & Developent (265) Chrome | > Besa ee Gy) = savers az05 cousesteet x | Soe | pOETD secon s4son 14:02 MI coding (56s) Crone | ue 432 ak Gavan] ut alam = | *eomnre ket ences Pinte Wino mun ura | thems | them ee 95268 | | OD Preiew"
2026-06-14T20:55:49,work_summary.txt - Notepad,@ © Q> TRC > Window (C) > top menting > dtntore > Sew dt tre a | Om % © ® + = gy Dain | bere p Dee 4 mica) betta asin pitas React Pato Inpatinest wots,"@ © Q> TRC > Window (C) > top menting > dtntore > Sew dt tre a | Om % © ® + = gy Dain | bere p Dee 4 mica) betta asin pitas React Pato Inpatinest wots SERGEY ++ | S| Fle eae Vw We ey BT Se B® | Woscnee ¢ Mor ""asa = s3¢54 ME Learning & eveloment (4m 558) Chrome | Bram + man Tak cada [eame)0 8 | neneciae | : ise —aafse"" my mLearning & Development (218) Chrome | @rsc Lil ‘= for Gint ke 4 ke § kee) € | 1/ Since k 3 | : mee sor in Mean Dae) cron | wes Fut ateonsoumctrope x + Pika | mrowoee 2 M0 aise — 0550 my h Leving Development (08) chrome | moe Furst entoonsoymanlcroge er Prcenins | Boy + 12:50 ~ 1150. ""My Leaning Developme (20!) Crome | SF turst eatoonsoynanlcoroge er Prcemins | 14:00 —a4tot ML ML coding (0 8) chrome | ame + bunt atoons mamichoge x + Phkemins x | | ee Bcoptse }@1 — 14:01 My MY Learning & Development (16s) Chrome | woh # ND) <heavers aaron couestect | SOOBL | - Mecney sure — 14:02 BM Coding (565) chrome | wane | mae ore Aix BA coite/ she tu talons | 0) — sas “tt Learning 8 Oevelomen (60528) chrome | Benis Le tne eanong sate og = | Pentne = | ‘= x © Wenb e+ HikGemisi OX | Samet) OF | 0 | > tmounecnat| Momsen | 14:20 16122"" ML Cong (2m us) Crowe | > Bmeca Wsccondoy.tuc: 44:36 — 14:27 My MY Learning & Development (20s) chrome | o SE ease soteons oytante tage # SP AKO | pr 2) owe | > CED Weicata702emnces 10% Windows CRN urs | 6items | 1 item selected 992 KB | es"
2026-06-14T20:55:50,work_summary.txt - Notepad,"¢ MULCUMa, detente! astrpl pce Ped Ro Product Po npartiuee asteat — worksumm wok Xt | . 5 | ars le fat View We ey BTS Om ® | fone for Gint ke ke § kee","¢ MULCUMa, detente! astrpl pce Ped Ro Product Po npartiuee asteat — worksumm wok Xt | . 5 | ars le fat View We ey BTS Om ® | fone for Gint ke ke § kee) € | 1/ since k 3 | Brus ¢ | Mont 1b:57 = 13:58 “MIRE Learning & Developeent (265) chrone | = + tut eatoonsonamicbroge x + | Phkcmins | @ux + en 13:58 — 13:59 MY ML Learning & Developeent (39s) chrome | 0 |) mon 1S tatersoman cope rkcenins | -. sbiso = 13:59"" Ry ML Learning & Developeet (30s) Chrone | meomone 9 | Maser + turst aatoonsymanictroge Ke Pricenins | suseo — asset IM coding (im 2), Chrome | Beatey Sturt atoons mmichoge + Phkemins x | | 101 = 14:01 RM Learning & Development (165) chrone | \5y) = savers 122050 cousesteet | Good] | ason — 14:02 MM Coding (56s) Chrome | me ans amsene | Boone Sues 422 058 Couse/shecl But Balloons -L | cain 103 — 14:08 MM Learning & Development (4m 525) chrome | 2 ‘Cie + bunt wagons mante hog x | Phkemins = | toma noe Bccme sai0e 18 R_M Learning & Developeent (9m 47s) chrome | es x0 Web e+ WhkGenisi OX | Samet) OF | 0 | ra:z0 = 14:22 ML ML Coding (2m 44s) Chrome | > mcomcoves231| — auonous = \'+ burtstoons oymanichoge x + + Ask Gen | 1:26 — 14:27 MR Learning & Developaent (20s) Chrome | > Wm cestve oust | Al primary. bucket x + bust satoons Dynamic hoge x + SP AKG | > msc WBeccniay cis 14328 14:21 Ry MD Learning & Development (2m 11s) Chrome | O PRvECeCHOMPENG | soy Wvonsunmoy 4:31 — 14:34 RY RY Learning & Development (2m 425) Chrome | Co) ~ suvessazz 05a couseysnee! x |) Bus | > CED Weicata7o2emnces Paint 10% Windows CRN urs | v mmsrc | > wnowe | 6meme | hem acd 89218 | as"
2026-06-14T20:55:51,work_summary.txt - Notepad,"« © D> Tse > Windows C) > laptop montring > dtastore > Scorch data stove a | One % © ® — ++ - gy Pein | 7 m MULE, Deiat aig pak Pot Pr Prodi Fo Kmart ","« © D> Tse > Windows C) > laptop montring > dtastore > Scorch data stove a | One % © ® — ++ - gy Pein | 7 m MULE, Deiat aig pak Pot Pr Prodi Fo Kmart astat workin wo) b+ | Fle edt View Wy ey BTS 0 B® | Boscom # 14:00 ~ 14:01 mm Coding (1m 65) chrone | Brae * + burt atoons momichoge x + Phkemins x | | 11 — 14:01 MM Learning & Development (165) Chrome | eu: + Gy) = savers az05 cousesteet x | Soe | = 14:02 BM coding (565) chrome | Wien + sues A2z 0A Couse/shecl But Balloons | - . 10) — 14:08 ""ML Learning & evelopment (am 525) chrowe | ‘10's bunt facons mante hog x | Phkemins = | Bain + sai0e 1 MM Learning & Development (8 47s) chrone | x 0 newb e+ HhkGenisi OX | Samet) OF | 0 | 14:20 — 14:22 MHL Coding (2m 44s) Chrome | — \ + burtstoons oymamichoge x + + Ask Gen | im aceaticke saize — 14:27 Ry RY Learning & Developaent (205) Chrome | meroicnonse ‘+ gust satoons oynanic hoge x + $P Ake | 14:28 = 14:31 MD Learning & Developwent (28 118) Chrome | me sso reonecoctoneeens | sain — 14:38 RRL Learning & Developaent (20 425) Chrome | 0) ~ suvessazz 05a couseysnee: x |) Ou | > CREE uas34 = 14:34 ML Coding (6s) Chrone | sues A2z OSA Couse/shec! But Bloons -Let | > tmceave cost! Bpimuyoan 14:34 — 14:34 RY Learning & Development (19s) chrowe | > @rmar MMscontey ice 4g, | pOETD Bvomemney | DOR Uae) aro. ante 1 Windows RL ue | v mmr | > Swoweic) | ens | themes 95010 | as"
2026-06-14T20:55:52,work_summary.txt - Notepad,"me uasere x + | « D> TwePC > Windows (C) > laptop montring > data store > Seach ata store a | One % © a - = 0 x joe | 7 = Be cine, tet intsh att pte p","me uasere x + | « D> TwePC > Windows (C) > laptop montring > data store > Seach ata store a | One % © a - = 0 x joe | 7 = Be cine, tet intsh att pte phe Pedi Po Pda Pe ingot ine ast worksomm (wo b+ | Wi dconens # May Fie fat View a BISo B® | parsing A Botean expression | Brac 6 | Men 14:35 ~ 14:36. MM Learning & Development (im 218) Chrone | a) = savers anzosacousestee! X [3 Paria | ux + — 14:38 MLM Coding (1m 188) Chrome | Mv # ‘Vy = savers anzosacousesiees x | Paning | 58 — 14:39 MM Learning & Developnent (54s) Crone | monoie # < ootonat ere | 49 — 14:40 Coding (65) Chrome | Bamy + CW = ses aazosacousesnec? x Parsing A 8 | ae iM Learning & Development: (am 46s) Chrome | ""phoning =x | \ondrotd-ain-version-2012 | Cee sasas— 14:45 HM coding (1m 225) Chrome | > wnowe | Bene sues A2z 058 Couse/shecl 3 Paring ABoole | (14:47 ML Learning & Developrent (1m 25) Brave | O55 oop so, Minima cost to Cut the stick - 0 | B cen | 5 Tt looks like you spent most of your tine learning and developing, with a focus on the Burst galloons problem on Leetcode. You also | ‘explored topics Like parsing Boolean expressions and minimum cost to cut a stick. Coding sessions were brief, with 9 total of just & | Bcxsecas Seconds spent. on actual coding. | WB prinay.pocer Your tine was split across learning and development, with a few short coding sessions in between. You switched between chrome and v5 Code, | ‘and als0 took a brief look at whatsApp. The sequence of activities was quite Fragmented, with many context switches between learning, | AB condo. in Coding, and browsing. | (ne thing that stands out is the lack of focused blocks of tine dedicated to coding. You had many short sessions, but none of them lasted | Uaicat 4702enaces Paine 10% Widows CP utr"
2026-06-14T20:55:54,work_summary.txt - Notepad,"© 5 © DB > TWsPC > Windows’) > laptop monitaring > dtastre > Scorch data stove a | 7 aC Be cine, tet intsh att pte phe Pedi Po Pda Pe ingot ine ast wo","© 5 © DB > TWsPC > Windows’) > laptop monitaring > dtastre > Scorch data stove a | 7 aC Be cine, tet intsh att pte phe Pedi Po Pda Pe ingot ine ast worksomm (wo b+ | O Q Fle edt View Wy ey BTS 0 B® | poorer wr ~ sues aazosacouseshect x parsing A © | Brae + asso — 14:43 ML Learning & Development (3m 465) chrome | Phkenins = | \androtd-ain-version=3019 | uc + 14:45 MM Coding (in 225) chrove | a . ‘sues Azz Osa couse/shecl > Paring ABoole | 46 — 14:47 MM Learning & Development (1m 25) Brave | monone ‘oe 50, minimim cost to Cut the Stick - @ | Doster + 1 100ks 1ike you spent wost of your tine Learning and developing, with a focus on the Burst Galloons problem on Leetcode. YoU a1s0 | Bones explored topics like parsing Goolean expressions and minimm cost to cut'a stick. Coding sessions were brief, with a total of Just 6 | merccoment | a ecpcme SeCOndS spent on actual coding. | tm rmszori* | Bure Your tine was split across learning and development, with a few short coding sessions in between. You switched between chrome and VS Code, | Cero Sand also took a brief look at thatsapp. The sequence of activities mas quite fragmented, with many context switches between Learnings | FBccnioo coding, and browsing. | me sso — | 3 fone thing that stands out is the lack of focused blocks of tine dedicated to coding. You had many short sessions, but none of them lasted | cons fore thon 8 feu minutes. this might indicate that you were struggling to stay focused or that you were trying to'miltitask too mich. | > meouorssst] Biumeces one honest observation is that your productivity might be improved by dedicating larger blocks of tine to focused coding sessions. | > tea coust| Moin for your next session, try setting aside a dedicated 20-minute block for coding, without any interruptions or context switches. This will | > mos Misconiay nue help you stay Focused and make more progress on the problens you're trying to solve. | pOETD Besar | (© 2026-06-05 15:97 | 13:49 4 15:35 | 48 sessions | DOR Ueicalt a70ncces Pinte 1 Windows RL ue | v mmr | > Swoweic) | ens | themes 95010 | as"
2026-06-14T20:55:56,data store - File Explorer,me uasere a | > + © SDIKDI melon amn plata ee a | @Q@ @ OB Wson-~ BVew- ve OD Preview | - ‘Date mediied Te ‘Sze | asactve omnes 708 | conmuted —pomsen,me uasere a | > + © SDIKDI melon amn plata ee a | @Q@ @ OB Wson-~ BVew- ve OD Preview | - ‘Date mediied Te ‘Sze | asactve omnes 708 | conmuted —pomsenatie St | asacivt omnes 708 | veesoctni poms b | saeeaatne —ominete 38 | b svasactne? emt $8 | > @omoive [Wrecsonnay esos 1s57etdoamen 1] | DOnza | ater med | a eeleey oe
2026-06-14T20:56:48,activity_log - Excel,No readable content found.,
2026-06-14T20:56:49,activity_log - Excel,No readable content found.,
2026-06-14T20:56:50,activity_log - Excel,No readable content found.,
2026-06-14T20:56:51,activity_log - Excel,ano OX Prk ore = @amcooge) se GE | vote ag om LF || aS a8 PP me Se esta | fPAAtonadvert:>| Dhara Tae Re | | = @Pyoite QaKe scom 6 @ |v $23 20 let Voic,"ano OX Prk ore = @amcooge) se GE | vote ag om LF || aS a8 PP me Se esta | fPAAtonadvert:>| Dhara Tae Re | | = @Pyoite QaKe scom 6 @ |v $23 20 let Voice Dictation | GD Feta | © Comte 0 oops) ve OVE | = Pyne og scm 6 @ | est Voie Dc ins AR Aedes > orale | tem ¥F Comer Contemar cat is mate aptom 0 | up Fastest oie Dictation wa Pep Gul... | utubeb€ 2 om LF @ | | Fastest Voie Deaton | Lenny 3 | onary HOALINS |= youlsed,€a.|#5)Comet ce. ene rman at | om) 6 A O.Tmber_s | ane OX | WoKGemisi |x > AO youtube connetchiC""j Daud Ch Bakeooge OY GE [aeogae tg | at | Tbe Mag com @ | UE Char PV Fa i = utd? 743 | a2 | cmt a 0 ecommerce Ons | YouTube 15 | @A> PREMIER LEAGUE i Fostestoce Morten FA Bstowaen | Comte AO Co san 3 1 | => 6 & youtube comfuat=joDaUua Matcooge x7 |= youtube 2+ | Comte AO Co wane OX"" | 8 | a) Fasten Vice Dictation Vane | OD mes> | FIA | Comte ~ Com tenyPepemin [8 = (@youubes€ | 3 APF UME Sg: | Lenya Pep Guar. | mar | @ ov SID C= 40 == a: | aGUSTA | Conte RO Comtenny ren Gono OX +Phemns | AO > match is Giskeoage) 6 | (@Yousedt Qn Ae | tat |B @> PREMIER LEAGUE i Fatestoce Dictation | Pos Cs layed Won) TomMars20 A | Pyutbe= Pye | Lenny Pep Gurls... Ge Morese | FAS ak owen on | © Comte AB Co . Noa | Sake “Yeu 3 Dictation |_spptamay,THEMOST | == | su | Tum at |wteoba.* a | mes Pov TACED GD = Gey veer | HBQDGE | tity og"
2026-06-14T20:56:52,activity_log - Excel,No readable content found.,
2026-06-14T20:56:53,activity_log - Excel,Q080G0°8 meuwGCera AO 9 NOHO oso #,Q080G0°8 meuwGCera AO 9 NOHO oso #
2026-06-14T20:56:54,,% | © Uptep Mentor xt Phkemins = 0 x | mx DIF: | Q Search for people | You are presenting INTHE MEETING | BA Beare et turer ens reed | Sea) aes 1 sen ,% | © Uptep Mentor xt Phkemins = 0 x | mx DIF: | Q Search for people | You are presenting INTHE MEETING | BA Beare et turer ens reed | Sea) aes 1 sen : | || Sohom Monde! : | AGEEEI op 8 | € ¢ ‘Anwesha Sengupta RoE | @D snireectaratacna. Q : | wave a | > 906 rae
2026-06-14T20:56:56,Laptop Monitor - Google Chrome,x | @ Meet-op-e © % | B AMres- croqcon % © Uptep Mentor x + + Ask Gemini x | © © tecahostso00 Be oF | @ Laptop MONITOR e we | 5 5 P 5 $5 metanoieco | ,x | @ Meet-op-e © % | B AMres- croqcon % © Uptep Mentor x + + Ask Gemini x | © © tecahostso00 Be oF | @ Laptop MONITOR e we | 5 5 P 5 $5 metanoieco | (pian mentoring x|© D> ThsPC> Windows{Q > __Imoplonmentomg x +> 1.0 > Thee| {© LAPTOP MONITOR | B0NGE200% ome SCRE A909 ¢mptiaor | appclon meting >| @ @ OF Nene ve | Edom #| Dowoeds #8 damens + [moncone Beaty + |te 00 none & sppcon | Name | Bocames € Rew | ass 6 Micw. [rg ‘pia [me ene [> cee ae Name
2026-06-14T20:56:57,Laptop Monitor - Google Chrome,Y) © cavnassoe X | Met-opetove — @ x |B AMKe-Groqcous % © pep Montor w+ Phkemins OX | € > SO eathosts000 mx DIF): | @ Laptop MONITOR ‘Adorcheshin2s | ,"Y) © cavnassoe X | Met-opetove — @ x |B AMKe-Groqcous % © pep Montor w+ Phkemins OX | € > SO eathosts000 mx DIF): | @ Laptop MONITOR ‘Adorcheshin2s | Tot apres 9688 | | ‘Search window ties, highlights, OCR tex | 5S 15 metgzogecon eax | soem ond eu peering) | sppeation monitoring Fe per Laptop Mentor sppatin montorng Fe poe a | ( ploon mentoring x] © 0> TFC > Windowse)> | tmoptaonmentorng x + |©> 10 © > There| (@ LAPTOP MONITOR | 800GE200KP oma SCRE AIG ¢mpliaon | _appcon menting > | @ @ OF Nene ve Edom #| Domed #|8idiomens + |moncone # Beaty + |te | 000 none & 2ppcon | ‘Name Bocemes ¢ Rew | ass 6 Mscw.o3 19 eptp mone | means amsine|>mcesme cant Bt Name 8 | econcne ‘mont econene"
2026-06-14T20:56:59,Laptop Monitor - Google Chrome,© > © © kexahosts00 Be oF | @ Laptop MONITOR c 9636 | “wale! | Grogeous © pep Montor ws Phemin OX|€> SO Mentorx +» AskGeminix|© © teeosso00 Be oF Sear,© > © © kexahosts00 Be oF | @ Laptop MONITOR c 9636 | “wale! | Grogeous © pep Montor ws Phemin OX|€> SO Mentorx +» AskGeminix|© © teeosso00 Be oF Search or people You ae presetng INTHE | ‘eathoss000 me DIF | @ Laptop MONITOR. 1@ Laptop MONTOR ewe |55P5 $5 metanoieco| MEETING BA Beare et turer ens reed Se) est sen | “Adorcheshin?s |
2026-06-14T20:57:00,Laptop Monitor - Google Chrome,"Prkemii - 9 x | © kexalhost:5000 Ber OF | @ LAPTOP MONITOR C 19656 | oe | me La | schamiendal(ou resenting) | = ""Se Sm jie | AO 9 NOHO noses # | BQe0G","Prkemii - 9 x | © kexalhost:5000 Ber OF | @ LAPTOP MONITOR C 19656 | oe | me La | schamiendal(ou resenting) | = ""Se Sm jie | AO 9 NOHO noses # | BQe0G®@o0Pomeud Gees"
2026-06-14T20:57:04,Laptop Monitor - Google Chrome,¥) © cownassoe X | Met-cpetote — @ x | AMKeys-Goqious % © Uptep Mentor x + Prkemii - 9 x | € > © © becahost5000 Be OF | fl Laptop MONITOR 0: esa | | e,"¥) © cownassoe X | Met-cpetote — @ x | AMKeys-Goqious % © Uptep Mentor x + Prkemii - 9 x | € > © © becahost5000 Be OF | fl Laptop MONITOR 0: esa | | eee | oo ee? | aor Ee | COKE SO Mentone +» Akemi © teo5200 Be | oF Sear ‘ndorceshin’s | | tezeting | =""SeSmje| KO9 NOHO noses | | i] AO 9 NOHO nose #"
2026-06-14T20:57:09,Laptop Monitor - Google Chrome,© % |B AMees- croqcons % © Uptep Mentor x + Prkemii - 9 x | > © becalhoss00 Be oF | @ Laptop MONITOR | Pemi-9x| © keabosts000 Ber FO LAPTOP © | MONITO,© % |B AMees- croqcons % © Uptep Mentor x + Prkemii - 9 x | > © becalhoss00 Be oF | @ Laptop MONITOR | Pemi-9x| © keabosts000 Ber FO LAPTOP © | MONITOR C1965 | 0 |e a schaienaou | 19 © comasoe X|Metcpetote— @ x] AMKeys: | oxjious % © Uptep Mentorx + Femit-9:x|¢> © | {© bechest5000 Be OF Laptop MONITOR 0:3 | 1 © camassoeX| Met opetove— @ x 8 AMKe | ‘Groqecus © pep Monto Pemins OX | € > SO | ‘exthoss000 mx DIF | @ Laptop MONTTOR. | ‘Adochshin?s | | © © kerahoss0 Be oF | @ Laptop MONITOR | 9636 | wale! |Grogeous © pep Montor ws Phen | (Ox e> SO Mentone +» AckGemini© © eeorc00 Be | oF Sear | AO 9M OHO noses # | Haoee@erceromed OCR
2026-06-14T20:57:13,Laptop Monitor - Google Chrome,© > © © kexahosts00 | @ Laptop MONITOR | 19 © comasoe X|Metcpetote— @ x] AMKeys: | orgs % © Uptep Mentor + Femi -93|€> | {© becahots000 Be OF Laptop M,"© > © © kexahosts00 | @ Laptop MONITOR | 19 © comasoe X|Metcpetote— @ x] AMKeys: | orgs % © Uptep Mentor + Femi -93|€> | {© becahots000 Be OF Laptop MONITOR 0: | 1 @ Mest op-0 © %| 8 Adres: croqcon% © Uptep | 1 Laptop MONTOR ewe 5 5P 5 $5 metanoieco| | © % | B Annes croqcous % © Uptep Mentor x + | Ptemi-9x| © keatostsoo0 ser oF |@ LAPTOP — | | © MONITOR 19686 | |e La | chamiendalou | I resenting) | = ""Se Sm je [AD NOHO noes #| | xahoss00 Be oF | @ Laptop MONITOR | 9636 | wale! |Grogeous © pep Montor ws Phen | [On> SO Menton AekGeminif © teas Be | oF Sear | Seach fr peopl | You ate presenting INTHE | MEETING [BA Beat et turer ne reed | Se) 20 1 sen | 1 © camassoeX| Met opetove— @ x 8 AMKe | ‘Groqecus © pep Monto Pemins OX | € > SO | ‘eathoss000 mx DF | @ Laptop MONTTOR. | ‘Adochshin?s | | No readable conten found | AO 9M OHO noses #"
2026-06-14T20:57:14,Laptop Monitor - Google Chrome,cA What | Meet-opetome — @ x | AMKeys-Groqaous © Laptop Monitor x + Prkemii - 9 x | © © tecahostso00 Be oF | @ Laptop MONITOR ° ony | Grogeous © pep M,cA What | Meet-opetome — @ x | AMKeys-Groqaous © Laptop Monitor x + Prkemii - 9 x | © © tecahostso00 Be oF | @ Laptop MONITOR ° ony | Grogeous © pep Montor ws Phemine OX|€> SO Mentors + *AskGeminix|© © tecaossc00 Be oF Sere or people You are presenting INTHE | ‘eathoss000 me DIF | @ Laptop MONITOR. 1@ taptop MONTTOR we 155585 metancieco| MEETING BA Beare et tre ens ed Sa) 51 sen | “Adorcheshin?s | | No ead contet found ano OX kore = @amcooge) se GE vote ag}om |_|. No readable conten found No readable conten found | {3598 PP me Se esta | PAAonadver>| Ohare Te Re | | T= @ryoite aake com 6 @ $2320 Vo | AO 9M OHO noses #
2026-06-14T20:57:15,Laptop Monitor - Google Chrome,¥) © cownassoe x © % |B AMees- croqcons % © Uptep Mentor x + Prkemii - 9 x | © © tecahostso00 Be oF | @ Laptop MONITOR 5 ony | No readoble content fun,¥) © cownassoe x © % |B AMees- croqcons % © Uptep Mentor x + Prkemii - 9 x | © © tecahostso00 Be oF | @ Laptop MONITOR 5 ony | No readoble content fund ano Ox kore = @amcooge) se.GE|woteag om LF |__Noreadable cote fund No eadoble content foun | {3528 PP meSe esta | PALonadvert>| Ohara Te Re | T= @Fyeite axe som 6 @ $2320 Voc
2026-06-14T20:57:16,Laptop Monitor - Google Chrome,cA What x © % |B AMees- croqcons % © Uptep Mentor x + | © © tecahostso00 | @ Laptop MONITOR | vor et mormon omoonncionmenis| | eraabicaetted vor eo | ,cA What x © % |B AMees- croqcons % © Uptep Mentor x + | © © tecahostso00 | @ Laptop MONITOR | vor et mormon omoonncionmenis| | eraabicaetted vor eo | Seven lmao ort a | AO 9M OHO noses # | BQ20B8@0C0%CHPOmMEMGER
2026-06-14T20:57:17,Laptop Monitor - Google Chrome,© Meet - eo. B pkey - Grogs | © © tecahostso00 | @ Laptop MONITOR | 19 © comnassoe X| Metcpetote— @ x | AMKeys | Gosia © Uptep Mentorx + Pksmil-9x €> ,"© Meet - eo. B pkey - Grogs | © © tecahostso00 | @ Laptop MONITOR | 19 © comnassoe X| Metcpetote— @ x | AMKeys | Gosia © Uptep Mentorx + Pksmil-9x €> © | Pte -93] © kowlhost S000 Ber OF | @ LAPTOP | MONITOR 19656 0 | meta | sctomiendoou | resenting) |=""Se Sm je [RO 9 NOHO nose | | © 5B Mees: roqcns % © Upp Mentors + | Prkems 93] > © beshoss0 Be 0 | Laptop | ‘51 © Uptep Mentors Phikemins = 0 | mx OF 10 | Sere or poopie | ou ae presenting INTHE | [MEETING [BA Beare turer ene reed Se) as sen | ‘16 camassoe X| Met opetove— @ xB AMKe | Gogcous % © pep Montor ws Peri OX |€> SO | ‘eathoss000 me DF @ Laptop MONITOR. | x] @ Meet. op-¢ © %| 8 AMres-roqcon% © Uptep | Mentors + «Ask Gemini x] © © techostsc00 Be oF | 1 taptop MONITOR ewe | 5 5 $5 metaoieo | | 3636 | ‘wale! | Grogeous © pep Mentor ws Phorin | (OK(> SO Mentone +» Akeni © toss Be | oF Seer | ‘an80G0""8 meuwcera AO 9 NOHO oso #"
2026-06-14T20:57:18,Laptop Monitor - Google Chrome,rd X |B Met-opetome — @ x | B pkey - Grogs % © Uptep Mentor x + + Ask Gemini o | © > © © kexahosts00 Be oF | @ Laptop MONITOR * 9600 | © % B AMees-rog,"rd X |B Met-opetome — @ x | B pkey - Grogs % © Uptep Mentor x + + Ask Gemini o | © > © © kexahosts00 Be oF | @ Laptop MONITOR * 9600 | © % B AMees-rogcons % © Uptep Mntorx + | 1 © comaioe X| Met.cptote— @ x| AMKeye Prtemii-9:] © kelhostso00 Ber OF |@ LAPTOP | © > © © kexahoss00 Be oF | @ Laptop MONITOR ¢ | Prkems-9x] > © beshos00 Be oF 1@ Laptop Gosjaus © Uptep Mentors Pismil-9x|€> © | MONITOR 1966 fe me La|schamiendaou '9636[ “ale! Grogeous © pep Mentor ws Phim | MONITOR [Penn © keaboss00 Ber FOLAPTOP © becaosts00 Be OF Laptop MONITOR O:<5a|| | testing) | = ""Sem je AO9 NOHO noses # | ‘OR(> SO Mentone» Ask Geminis © teozso0 Be | ©1MoNTO e Bas oF Sear | eofmomed OCs | AO 9M OHO noses #"
2026-06-14T20:57:19,Laptop Monitor - Google Chrome,© > © © kexahosts00 Be oF | @ Laptop MONITOR c ose | (© Meet co. 8 pay -Giogs © © tecahosso00|@ __cAWhatx © 5B Mees: rogcons %6 © Uptep 19 © cownassoe,© > © © kexahosts00 Be oF | @ Laptop MONITOR c ose | (© Meet co. 8 pay -Giogs © © tecahosso00|@ __cAWhatx © 5B Mees: rogcons %6 © Uptep 19 © cownassoe x © % 6 AMees-coqcans % © ‘A What | Mect-optome — @ x] AMKeys eogaous | {@ x AMKeys | Gosia © Uptep Menton Pksmit&x [vor et mermon amoonnconmeni|eraabicated eof | @ Laptop MONITOR Sony | No readble tecahostso0 Be F|@ Laptop MONITOR * ony | | e oreo] content in Geogeour © pep M
2026-06-14T20:57:22,laptop monitering - File Explorer,1 botoe entering x + | © > GD > ThisrC > Windows) > laptop montering > | x oO Q@ © BD NSet- we view ~ | L Downloads # - ‘Date mediied | evtcatons? 12-,1 botoe entering x + | © > GD > ThisrC > Windows) > laptop montering > | x oO Q@ © BD NSet- we view ~ | L Downloads # - ‘Date mediied | evtcatons? 12-06-2026 1715 | (Waar store 13-06-2026 1024 | SCT) B rronitor 13.06.2006 1108 | loll ‘B reaome 12-06-2026 17:16 | BQe0gege@eoo | yon Soacefile | Pron ae 90. | yon Soacefie | yon Soa ile | yon Soa fie | yon Soc ie | yon Soc file | ooomed Cera | ‘Search ptop monitering a
2026-06-14T20:57:25,screenshots - File Explorer,"4 dowmonse | Bi doamens + | Bree + | Hives | me once | cater, | me ams 2260 | me orpicstons | > mcomcorss24 | > I ceatve oust | > Be mccn | > @ombive ","4 dowmonse | Bi doamens + | Bree + | Hives | me once | cater, | me ams 2260 | me orpicstons | > mcomcorss24 | > I ceatve oust | > Be mccn | > @ombive | v mmsrc | > wnowe | > new eased | D> TRsPC > wWindows(C) > laptop moniteing > screenshots | sot views ae | sereen 226061 seen 226061 sceen 226061 Soeen 226061 Soeen 226061 Soeen 226061 Soeen 226061 SeeeNAREOET soeENAREOET soeeNAREOE1 seen 226061 | BQ0GB@00%POmMPAGCEFE | 709 Nea"
2026-06-14T20:57:28,laptop monitering - File Explorer,tm eetp monterng a | © 3 © D> TPC > Windows(C) > laptop monitring > Search ptop mong a | Neon % Oo DB Nsene vee on Drew | | domionss # . owemesies Tne,"tm eetp monterng a | © 3 © D> TPC > Windows(C) > laptop monitring > Search ptop mong a | Neon % Oo DB Nsene vee on Drew | | domionss # . owemesies Tne a | Bivecenens # 052061030 efor | ches 9 osamsiert feta | Ou + esamsien feta | mowome o| OO osamsie0 Ove 10 | wen, | Bevo c7os2msss1 AME be 18 | Mercrnon® | aa cy mene osamsresd — MoouteiCo. MKB | memicens? | app sanoe eopamsmris Ponte wea 1080 | > mmcoucorssrs| cence Posamerr — Mow BxelCo. 678 | pOETD BW careous ‘wom2ms1025 ryonsoucefle 9K | yoni Wi actp Meatar R206 2R6ITIS Wess Bfle 1 | a min opamsrer2 —ryonsoucefle 340 | vewaue! 2 Posamese —owtee HS | > Erenveuret Bh pcaoue 0606 6 dowmsouce= 8"
2026-06-14T20:58:33,primary_bucket - Excel,primary bucket,primary bucket
2026-06-14T20:58:47,activity_log - Excel,No readable content found.,
2026-06-14T20:58:49,application_monitoring - File Explorer,be spptction mentoring | Ouse + | Beaty + | > TweRC > Windows) | > apptation montoing > | era 09% ea,be spptction mentoring | Ouse + | Beaty + | > TweRC > Windows) | > apptation montoing > | era 09% ea
2026-06-14T20:58:50,application_monitoring - File Explorer,(m ptiaon mentoring x | © D> ThsPC > Windows(C) > appclon menitring > | @ @ OF Nene ve | vomints # Name | Bocce # aw | Brews RMocnncs | Wc geome | Bic,(m ptiaon mentoring x | © D> ThsPC > Windows(C) > appclon menitring > | @ @ OF Nene ve | vomints # Name | Bocce # aw | Brews RMocnncs | Wc geome | Bice 4) Er | monone ¢| Borneo | Boece poceer | Romy + | Boome | Rieort | A ceny | merase | ooo | terrasse || cams | mcsssce | measooas | Brop ontr | > mcoucorssas] Bl mon | > mewvecat| Bnei | > mono Bro | > mono Cress | mire Secseonsn | Semmes | BoMEN ROM | Boose | > new ie | ans | em selec 47 oes | | yon Soacefile | ‘Search application monitoring a | BQ0GB@00%POmMPAGCEFE | AO 0 eae yg
2026-06-14T20:59:08,Visual Studio Code,No readable content found.,
2026-06-14T20:59:10,README.md - Visual Studio Code,0 ae get e,0 ae get e
2026-06-14T20:59:11,README.md - Visual Studio Code,"(QO mtaomems x | © application moitrng > @ README md | 1"" Laptop monitor — Desktop App vt | Captures screenshots every second, extracts text via Ock, ","(QO mtaomems x | © application moitrng > @ README md | 1"" Laptop monitor — Desktop App vt | Captures screenshots every second, extracts text via Ock, generates AI work summaries using Grog, stores everything in SQLite, and shows 2 Live dashboard in your | 2 browser — all from a single GUI app. no terminal ever needed. | fm quick Start (tew User) | 9, Double-click ** setup and run-bat | 0 = Automatically installs Python, Tesseract ck, and all packages | 11 Opens the GUT wien done (-2 minutes first tim) | @ 1 a paste your free ero Wr key» cick +50 teyt* | 1"" Getone ats https//eonsae-groacom (00 eet card) | 163, Click ""9% start nonttorings* | 18 that's st, | 20 “every day after:** double-click **Laptop Monitor.bat""** to open the app. | 24 #8 Project structure | 27 laptop monitor/ | 25 | app_launcher.pyw © GUT app ~ double-click to run | 29 | Setup and_run-bat ¢ First-time auto setup + launch | 20 Laptop tonitor.bat_ + Oaily launcher (after setup) | ci SiARE_mHS REAGME.ad + simple instructions for sharing | @ » Lminoy + core monitor (launched by GU) | ut E config.py ALL settings from venv | sod + Screenshot loop + change detection | 36 analyzer.py + Tesseract ocR (local, no API) | Leucat Spoaes UTES UF Maton 0 | A Oo SB eam"
2026-06-14T20:59:13,C:\WINDOWS\system32\wsl.exe,© weno % | © vpplcation monitoring > @ README md | 2B cwnoowsstenazvnie x + ~ | © Windows Subsysten for Linux must be updated to the latest version to,"© weno % | © vpplcation monitoring > @ README md | 2B cwnoowsstenazvnie x + ~ | © Windows Subsysten for Linux must be updated to the latest version to proceed. You can update by running ‘wsl.exe —-updat | 18 For nore information please visit https: //aka.ns/nsLinstall | 2 Press any key to install Windows Subsystem for Linux. | 21 Press CTRL-C or close this window to cancel. | 2 This prompt will tine out in 68 seconds. | @ we | cream tog-esv + Created automatically every hour | 47 | primary_bucket.csv + Created automatically every hour | [roti beta rte aol ey br | ork sumary.txt AE report, updated every how | TE > ntenae OKO Ww | UCT Speed UIFS UF Mandown @ Colne Peter 0 | BQOGOODSCHOMEAGCBRL EVE -0%% cam, 28"
2026-06-14T20:59:14,README.md - Visual Studio Code,"(QO mtaomems x | (> sppcation maritarng > © READM | ferminal Hel Psewcn | tend > Laptop Monitor — Desktop App wt | 16 3, Click ""9 start Monitoring | 2","(QO mtaomems x | (> sppcation maritarng > © READM | ferminal Hel Psewcn | tend > Laptop Monitor — Desktop App wt | 16 3, Click ""9 start Monitoring | 20 every day after:** double-click * Laptop ronitor.bat""* to open the app. | ee maese | ¢ CE Settey tog. | 27 | primary bucket csv | BF Secondary bucket csv | 29 work sumary. txt | TED ratexarer GOAT WO | + GU app ~ double-click to run | = First'time auto setup + launch | pally launcher (after setup) | © Simple instructions for sharing | + core monitor (launched by aut) | AIL settings from .env | Screenshot loop + change detection | ‘+ Tesseract ock (local, 90 AP1) | © salite database | = Flask web dashboard (localhost:5000) | + Cleans activity-log.esv » clean_log.csv | + fae analysis + Grog work sumary | + pnowaly detection model | + Python package List | + Your 101 key (auto-created by Gut) | created automatically every hour | SA report, updated every hour | san x | UiCt Spuee3 URS UF Mandown @ Golke Peter 0"
2026-06-14T20:59:15,README.md - Visual Studio Code,(QO mtaomems x | (> sppicaton moitrng > © READMEmd > Laptop Monitor — Desktop Ap | oe wear | TH D ratexaer OoA0 Wo | + GU app ~ double-click to run | ,"(QO mtaomems x | (> sppicaton moitrng > © READMEmd > Laptop Monitor — Desktop Ap | oe wear | TH D ratexaer OoA0 Wo | + GU app ~ double-click to run | = First'time auto setup + launch | pally launcher (after setup) | © Simple instructions for sharing | + core monitor (launched by aut) | AIL settings from .env | Screenshot loop + change detection | ‘+ Tesseract ock (local, 90 AP1) | © salite database | = Flask web dashboard (localhost:5000) | + Cleans activity-log.esv » clean_log.csv | + fae analysis + Grog work sumary | + pnowaly detection model | + Python package List | + Your 101 key (auto-created by Gut) | + Aito-created: ram real-time 1og | created automatically every hour | © AL report, updated every hour | + salite database (auto-created) | Latest 10 Screenshots. (auto-managed) | UiCt Spuee3 URS UF Mandown @ Golke Peter 0"
2026-06-14T20:59:18,application_monitoring - File Explorer,(m ptiaon mentoring x | yon Soacefile ne | Pymontieinoco 188 | PymonSowcefle SAK | Pymon Sos tie a | Symonsoacefle 14K | yon Soc ie Py | Syronsoscefle,(m ptiaon mentoring x | yon Soacefile ne | Pymontieinoco 188 | PymonSowcefle SAK | Pymon Sos tie a | Symonsoacefle 14K | yon Soc ie Py | Syronsoscefle KB | Dwtoere ROR | © 3 © > TPC > Windows’) > eppntion montrng > | tm % O @ © O ten vow | L dowicats # | Name . se moses | Bocce # aw eosamsz081 | . fp Bscieyo9 eos am62059 | rg Reconcne eonamez0s8 | a ap Bemeer | . | Besamoe reopamerris | on Bice paces owas s024 | Doster + | Boome eosamsrer2 | mreorent | pa ccavcs veosam62058 | mermsnaien | cee eosamsrer2 | me srricaions® | onsg eosams i612 | mans BW careous ‘0261025 | WE actp Meatar reosam6 75 | > mcomorssas | > tmcevie cast | Bl montr eos2m62059 | > mos ed weonamsz044 | > @onive | > @onome FR cone at eomamsz044 | v mmr Ciataed | 1B siete nes czone reopamerris | > Swinson cd | B sone reosams i612 | > rewvetmed | Bivona 2105206 1500 | BQ0G0200%Pomtu CREAN | yon Soacefile we | ‘Search application monitoring a | A Oo MoH D yg &
2026-06-14T20:59:22,Search,te. secondo cet | Micon ain | v mmsrc | = 1B sass ADM | > wnowe | Bi se neseios | Search ppliation montering | BQ0G0200%Pomta CREAN | 8S saw | OD Prei,te. secondo cet | Micon ain | v mmsrc | = 1B sass ADM | > wnowe | Bi se neseios | Search ppliation montering | BQ0G0200%Pomta CREAN | 8S saw | OD Preiew
2026-06-14T20:59:26,Search,Wives + | > TWePC > Windows) > applation monitoring > | 705 “one,Wives + | > TWePC > Windows) > applation monitoring > | 705 “one
2026-06-14T20:59:31,Untitled - Notepad,1m optaonmentorng x + | © > GD > TWePC > Windows (C) > applation monitoring > Search ppliation montring a | © Wen tes = - 0 x OD Preiew | £ Domic le E,"1m optaonmentorng x + | © > GD > TWePC > Windows (C) > applation monitoring > Search ppliation montring a | © Wen tes = - 0 x OD Preiew | £ Domic le Eat View | Boom | | Brsoa. & we | > cmon, WMECO — Ochaace Pinte 10% Windows CN urs. | v mmerc “ | Teva) | BomeN mo 120520261735 Mason Sauce 2a | Brvage ozs te PybonSewce ie we | Bi se eseios ziosamsiso0 Pte noe | Bins | them ste 62618 | | BQOGOCOSPOMPEMGECRE EY +05 Yon, Be"
2026-06-14T20:59:33,application_monitoring - File Explorer,(me ptiaionmenteing x | © D> TWsPC > Windows(C) > appelon menitring > | @ @ OF Nene ve | yon Soacefile ne | Pymontieinoco 188 | PymonSowcefle SAK | Py,(me ptiaionmenteing x | © D> TWsPC > Windows(C) > appelon menitring > | @ @ OF Nene ve | yon Soacefile ne | Pymontieinoco 188 | PymonSowcefle SAK | Pymon Sos tie a | SymonSoacefle 14K | yon Soc ie Py | Syronsoscefle KB | yon Soc file ae | Dwstaetie 206K | E Dowioats # | Name | Woscnens # Biew | Brews 6 Mecwen | race ovine | Bice 4) Er | monone ¢| Borneo | Bese pacer | Doster + | Bosnee | mioserrent® | pa ccaos | meros20800 |B cose | a sroicaions® | consy | Manse BW careous | Wi actp Meatar | > mcoucorssas| mn | > mmcevie cost | Bl montr | > mos ed | > @onive | yoni FR cone at | a cw antnn | Simm | BT AOue | Boose | > new ie | BQ0G000%PoOmtuOCREEYN | PymonSowcefle 4K | ‘Search application monitoring a | A Oo MoH D yg &
2026-06-14T20:59:35,Search,© > ThisPC > Windows (C) > appcation montring > | Wives + | merase | aoe | mea@cera | 705 “one,© > ThisPC > Windows (C) > appcation montring > | Wives + | merase | aoe | mea@cera | 705 “one
2026-06-14T20:59:36,Search,Wives + | > TWePC > Windows) > applation monitoring > | 705 “one,Wives + | > TWePC > Windows) > applation monitoring > | 705 “one
2026-06-14T20:59:43,application_monitoring - File Explorer,"© > © O> RE > Windom > apaton meng > Sich snr monn @ | AN Sort HB View = ase, Drevin | ae seman 1 | Rss seems) wate. Teh | ii semis maton, 28 | f= see","© > © O> RE > Windom > apaton meng > Sich snr monn @ | AN Sort HB View = ase, Drevin | ae seman 1 | Rss seems) wate. Teh | ii semis maton, 28 | f= seems minaie 78 | seas reeeausi8 ones. 8 | Bonner Decmsaat minnie ten | Tess reeeaasiett snare 78 | Benes vce) wate. eh | Hess raeeaasist snare eh | Bows seems mineie 38 | Benn seeeausnas —pmsnaetie a8 | Misco or seems 8 te 18 | > meomeorst reeeausitt—minaein 8 | » cnt dt ecm omteare eh | — seeks emacs | oe eset meen | Seng | nomenon oscar et | Reon ecm minaie 8 | 2 Neem sta modelo 21-05-2006 1500 aL File 30K8 | te ees, | BQ0G000%PoOmtu CREAN | A Oo MoH D yg &"
2026-06-14T20:59:48,Search,© > GD > TWePC > Windows (C) > apptation monitoring > Sch application monitoring | © wow @ U ice) D preven,© > GD > TWePC > Windows (C) > apptation monitoring > Sch application monitoring | © wow @ U ice) D preven
2026-06-14T20:59:50,Search,© 9 + © [GDS RER || wectaie Dy lopacaeniannaes Sas a | Bi documents # Dew Pinned ‘Show all ¥ | rane 9 Macey | mown | Raion Go ® @ ©} @ | Dcatiey # Ben,© 9 + © [GDS RER || wectaie Dy lopacaeniannaes Sas a | Bi documents # Dew Pinned ‘Show all ¥ | rane 9 Macey | mown | Raion Go ® @ ©} @ | Dcatiey # Bence “Microsoft Store Photos. P ‘Amazoncom — ExpressVPN— Dropbox | Be laptop moni # eons | ceesso|| So | con] Qos | ote] Oss ern ite | pOeecer||| D2: | DOr Brn a a | > @oredrive ys | SC |) tent mt | > window) anal — me A 2 <= c | yeti eo s | AO 0 NOHO ocr | BQ0G0200%Pomta CREAN
2026-06-14T20:59:56,,"1m optaonmentorng x + | cater, | te arp monte | me ams 2260 | me orpicstons | > wnowe | > new eased | © D> TWsPC > Windows(C) > appemlon menitring > |","1m optaonmentorng x + | cater, | te arp monte | me ams 2260 | me orpicstons | > wnowe | > new eased | © D> TWsPC > Windows(C) > appemlon menitring > | FB pinay poet | BD rcxove | PB secondo at | 1B siases exoe | Bevage | Bi se neseios | BQ0G0@00%PoOmtdOCREEN | Sot ew = | ‘Rosas | yon Soacefile | Pron ae 90. | yon Soacefie | yon Soa ile | yon Soa fie | yon Soc ie | yon Soc ile | Wen Bateite | yon Source file | Sad on ho a | © pice"
2026-06-14T20:59:57,OneNote,No readable content found.,
2026-06-14T21:01:38,my & not - OneNote,primary bucket,primary bucket
2026-06-14T21:01:40,primary_bucket - Excel,primary bucket,primary bucket
2026-06-14T21:01:48,my & not - OneNote,No readable content found.,
2026-06-14T21:01:52,application_monitoring - File Explorer,1m opteaionmentorng x + | > @onive | > @onoive | v mmsrc | > wnowe | > new eased | © D> TsPC > Windows(C) > appelon menitring > | Sot ew = | Nome ate ,1m opteaionmentorng x + | > @onive | > @onoive | v mmsrc | > wnowe | > new eased | © D> TsPC > Windows(C) > appelon menitring > | Sot ew = | Nome ate meat we ae | Rew \eos2ms200—aWrie or | MB scivy.o9 Meoszms2101— MewoReelCa. 13K | Foor meine \eos2ms2101 Mion alco. 2K | Bevan 12062061715 PYbonFetnoco 18K | Bee pease ‘pam 1024—Pyonsouce le SAK | Bowe 2052061812 FYbonSwcfie a | Fcanog 14052062190 McsoREelCo. 39K | Beene 2052061812 AYbonSoucefle 4K | Boog ozs 182 FybonSouce ile ae | B casecas 130521251025 PybonSowcefile 9K | Mi tep Mentor 120520261735 Wenows Baten fle 11 | Bron 2062061812 AYbonSowcefie ae | Bree teos2ms2101 aa saetie 2000108 | FB pinay buet 140526204 Mion alco. 18 | Brome OGRE TAG Mann euce 7 | Micon ain 120520261735 Wanows Batnfle 6X | 1B siases exoe 12052061735 Maou Sauce. ae | Bsoage ozs 182 FybonSouce ie a0 | Bi se neseios ziosamsism rile noe | ZFQog@G00PomesGCRBravs | ‘Search appleation monitoring | 09 SN eae
2026-06-14T21:02:05,Windows (C:) - File Explorer,> Windows) > ‘Search Windows (2) a | DNs 8 we oe OD Preiew | Saeed poet Roane ess inst ‘stip schomik Pent? polea a Pogam Renan Peogs | a es SSeS Ss SS,> Windows) > ‘Search Windows (2) a | DNs 8 we oe OD Preiew | Saeed poet Roane ess inst ‘stip schomik Pent? polea a Pogam Renan Peogs | a es SSeS Ss SS | ene omit ots MM vn RI eee oor facins acini | = oc F one ie | ‘s2hems | Tinem selected | es | 200 eae tte
2026-06-14T21:02:09,laptop monitering - File Explorer,> @onoive | v mmsrc | > wnowe | > new eased | Mi tep Mentor | Breer | inertia | ZFQog@o0evPomesGCeravs | Sot ew = | > TWePC > Windows’) > laptop monte,> @onoive | v mmsrc | > wnowe | > new eased | Mi tep Mentor | Breer | inertia | ZFQog@o0evPomesGCeravs | Sot ew = | > TWePC > Windows’) > laptop monteing > | yon Soacefile | Pron ae 90. | yon Soacefie | yon Soa ile | yon Soa fie | yon Soc ie | yon Soc file | ‘Search top monitring a | AO Moa m yt
2026-06-14T21:02:12,work_summary.txt - Notepad,© 5% © D> Tse > Windows (Cd > atop mentatng > Search top monitesing a | as © ree | Be 6 meine; teint ssttsl patie Padi Poste kmpatiine sant (wa wom b+,"© 5% © D> Tse > Windows (Cd > atop mentatng > Search top monitesing a | as © ree | Be 6 meine; teint ssttsl patie Padi Poste kmpatiine sant (wa wom b+ | Fle elt View Wy ey BTS 0 B® | = 11:22, [LeARUING] [LEARUING] Learning & Development (28 59s) chrome | Oo contesonsfroms. A'x + ices Xo | 26, {ccoms) [CoOmS] coding (1m 35) Brave | ‘toe 61) = youweconfentteeoch gurycoabina | 30 [LeAMUino} [eAWING] Learning & Developant (3m 205) rave | Je deadock [6 Pitot combinatorics) + = | 1150"" (Ceamumo] [Leanne] Leaning & Developent (135) Chrome | Po uptep mentor xv Prkeali 9-0-8 | Beate, nape < 1158 Tee) (Cie arin 8 oloment (29) rene | No) unatteto generate tee x | (oa nate | eae monte | Gee 1% looks Tike you spent most of your time learning and developing your skills, with focus on combinatorics and deadlock handing, You | te watched several YouTube videos on these topics, including lessons from RSD and 2 lecture on deadlock. You also briefly worked on | Gaon Ueetcode problem, but your coding sessions were quite short, totaling only about 2 minites- | mosaic Your tine was split mostly between Learning and developent, with about 51 minutes spent on this, and just a few minutes spent coding. | There were no meetings 50 You had a pretty Focused Dlock of Fine to work‘ Your sks. | 1 notice that you had 2 few context switches, jumping between different YouTube videos and briefly opening File Gxplorer. However, you | me comcorssa4 ‘150 hod sone Tonger focused blocks, ike the 29-minute session where you watched 9 video on combinatorics | te cet const ove thing that stands out to me 15 that you might be spending a Bit too mich time watching videos and not enough time practicing your | G Coding skills, 10's great that you're leaning new concepts, but 18° also laportant to pply then to real problens. | Doe Becconcay. nos For your next session, I'd suggest setking aside a dedicated block of tine to work on a specific coding problem, like a Leetcode | mscwp ont | *eomnre ns. cas9 7282chancen Pint 108 Win ure | Bi susease. OC a8 nn | mire : | ae 2asamsisao fe ae | > Sheree | Besar posamster7 —_YetDoaent sve"
2026-06-14T21:02:14,work_summary.txt - Notepad,1 botoe entering x + | © 5% © D> Tse > Windows (Cd > atop mentatng > Search top monitesing a | ; = Be 6 meine; teint ssttsl patie Padi Poste kmpatiine,"1 botoe entering x + | © 5% © D> Tse > Windows (Cd > atop mentatng > Search top monitesing a | ; = Be 6 meine; teint ssttsl patie Padi Poste kmpatiine sant (wa wom b+ | Fle Edt View My ey BIS eB ® | 11:30 — 11:30 [LEARNING] [LEARUING) Learmng & Development (285) Chrome | 10) unatieto generate tee x | (6a notcel | Bdoamen ¢ — Racivnsog | BP icuwes # | fein» Bewoor Fe eo ke jou spent mont of yor Une lesralng andl developing your silo wth focus on cobintories and deadlock tanting. vou | | Bvitcos + ‘LeetCode problem, but your coding sessions were quite short, totaling only about 2 minutes. | B ron pact | momoine + Your time was split mostly betwen leaning and develoment, with about 51 minutes spent on this, and Jost 2 fw mines spent coding. | omy 2| BO Tere ere'no meetings, you had a prety focused lack of Une to work ‘on Your skills. | mrccononte | Nr notice that you had a few context switches, jumping between different YouTube videos and brlefly opening File Explorer. However, you | Beane __slso had Sone Tengen focused blocks, like the Zorninite session were you satched 2 video on ceablnatori®. | a - Beconng ‘One thing that stands out to me is that you might be spending a bit too mich time watching videos and not enough time practicing your | mics | ing stil, Its great tht you're learning new concepts, but it's also important to apply thea o real protien, | ‘hatlenger Tey to mininize conert sltches and stoy focused on the protien st hand This ml help Yor build your coding muscles ond | — ‘norte the concepts you've been earning. | > mcomorssas | Bironr | > moniecnet| Mpineysicct — @ 2026-06-19 1236 | 18:40 > 12:34. | 25 sessions | {esti tearming & Development? th tia | [COIN] Coding: 1m Ste | > Bac Dicove | ne Bencnsny ice TIVITY TONELNE | came | Om edo 1:40 [LEABUNG] [LEARING] Learning & Developeent (55) Chrome | a. 0 fe aera eee arcane saa | insncass aaiscnenion amen OX Windom eR) fo | Bsuseness | » mire . | em sensi 2osamsso aie bea | Brn seoemeieir —Tendocmnt Sib"
2026-06-14T21:02:15,work_summary.txt - Notepad,1 botoe entering x + | © > © O> THePC > Windows (G) > taptop montatng > Seer gt montng a | Onn % © @ me a oo x eee | ; = Be 6 meine; teint ssttsl pati,"1 botoe entering x + | © > © O> THePC > Windows (G) > taptop montatng > Seer gt montng a | Onn % © @ me a oo x eee | ; = Be 6 meine; teint ssttsl patie Padi Poste kmpatiine sant (wa wom b+ | . : fle fat View MWe ey BTS Om ® w c@o | — 10) anatieto generate tee x | (ea notcet | 1 looks Like you spent most of your tine learning and developing your skills, with a focus on conbinatorics and deadlock handing. You | Ou + watched several YouTube videos on these topics, including lessons from MSO and a lecture on deadlock. You also briefly worked on a | | 0 |) Beeman Leeteade problem, bt your coling sessions were quite short, totaling only about 2 minites: | . 1, | Bostesses Your tine was split mostly Between Learning and developent, with about 5t minutes spent on this, and just a few minutes spent coding. | nti Bcsee There were no acetings, 30 you hod a pretty focused back of tine to work on your skills. | Besier —*) acensoy _T-not ice that you had a fox context sutches, Jumping betwen different YouTube videos and briefly opening File Explore. However, you | mervconcate | 150 had some Tanger focused blocks, ike the 2o-einite session where you watched 9 video on conblatories. | mrmsiesee |g cone thing that stands out to me 15 that you aight be spending a Bit too much time watching videos and not enough time practicing your | : cove | ding stills: It's great that you're learning new concepts, bvt it's also important to apply then to real prblens> | eed ry | . or your next session, 1'd suggest setking aside a dedicated block of tine to work on a specific coding problem, like a Leetcode | oe Msteononer challenge. try to minimize context switches and stay focused on the problen at hand. This will help you build your coding muscles and | reinforce the concepts you've been learning. | > mcoucores31| Bl montor | 5 (© 2026-06-13 12:36 | 18:40 -> 12:34 | 25 sessions | > Imcesvecauss| MB pinen-buset —[LEAMMING] Learning & Development: 1h im | [CODING] Coding: 1m S4s | > Be mec Dard acravrry imeLINE | soy cond es [LEARUNG) [LEARNING] Learning & Development (5s) chrome | o ‘= @ Laptop nontTon | Search window ties, | one ame regyes WSSCO3S A722 Cun Panto 00% Windows CR urs | v mmsrc : iy | 5 Sime sre 12052061882 pybonSoucefil 10 | Bsc noseins zrosamsrson rie noe | DS Neneure i vorksunnny 1306520061817 Tet Document ery"
2026-06-14T21:02:24,work_summary.txt - Notepad,fm ectp mente x + | « © D> TWePC > Windows (C) > loptop montrng > Searchaptop monteing | One % © @ a . | O P Rvciney FE View Wy ey BTS 0 B® | Brews ¢ ,"fm ectp mente x + | « © D> TWePC > Windows (C) > loptop montrng > Searchaptop monteing | One % © @ a . | O P Rvciney FE View Wy ey BTS 0 B® | Brews ¢ — Rbacivysneine — gcraviTy TimeLINE | - 18:40 ~ 18:40 [LEARWUNG] [LEAWING] Learning & Developeent (55) chrone | Wve og Remar = uITOR | Search window ties, | Bice oo | Demian 10:30. [LEAING] [LEARHING] Learning & Development (15h 498) Laptop Ponitor (be) | ae 1 [LEARING) [LEARUNG] Learning & Development (295) chrome | - . Laces om Lenny Pep Guatie 0x + | Phkcemini | Bowe 21 — 40:9 [LeaMne] [LEAKING] Learning & Development (6s) Fle Explorer | Boater + > aD > wise > windows) > laptop monte | Mcenice 21 — 10:31 [LEARUING) [LEARNING] Learning & Development (7) Chrome | mrweonone |g game aa cic x | > orto oust) oh | eee 30:21 — 10:22 [LEAWING] [LEADING] Learning & Developeent (3m 14s) chrome | meescione | ong con teny Pep ent x + lion) — 0x | 0 | oman) § 30:22 ~ 10:95. [LEARING] [LEAWING] Learning & Developrent (2m 415) chrome | stows 0 contenny ren Guano Ox + Gide) - 0 x | | > mcomcorss24 | > I ceatve oust | > Be mccn | > @ombive | v mmsrc | > wnowe | denis: 20:35 ~ 10:44 [LEARUNG) [LEARNING] Learning & Development (2m 7s) chrome | ML ‘0 comtenny ren Guano OX + Prkemisi 9 x | Bron ‘e:44 — 40345 [LEARNING] [LEAWIING] Learning & Development (11s) Fle Explorer | — 00 08 sn sver- | 0 preire) | seweanpe | ‘0:46 — 11:07 [LEMMING] [LEAWUING] Learning & Development (208 40s) Chrome | FB ira pet = $4 hicomini | - 9 x | € > 0 5 youtubecon | u:07 — 11:10 (LEMBING] [LEARNING] Learning & Development (38 46s) chrone | Bi rcsoue 0 comtesonsfromsn. Ax + HikGemisi Xx | spas ‘14HH1 11:11 [LeARUMNG) [LEARUG] Learning & Development (38s) rave | Cena Lecture a what is Deadlock | necessary | Mevomann Tronic) Teontuel fadine (186) Baer | Bousernacges RCH Ma82chances Pinte 10% Windows CRN urs | Bso29e 062m 1 yen Sue Fe a | Bsc noseins zrosamsrson rie noe | Bi von sunny 1306520061817 Tet Document ery"
2026-06-14T21:02:25,work_summary.txt - Notepad,1 botoe entering x + | « 4% D> THiePC > Windows’) > lptop monteing > Search laptop monitrng a | 75 ACCS ¢ MULCUMa) Dexntsl ating! — prc Pome Po Produc,"1 botoe entering x + | « 4% D> THiePC > Windows’) > lptop monteing > Search laptop monitrng a | 75 ACCS ¢ MULCUMa) Dexntsl ating! — prc Pome Po Produc Pro apart (use astint work X workin + | eat View My ey BIS @ BYR | = © Comtemny ren ouane ox + s10e) - 0 x | | Bdoamen ¢ — Racivnsog | Brae * 95 — toree [Lewutne] [LEARN] Learning & Developsent (9875) chrone | Se camtemy ren Guana Ox + Prkemisi — 9 x | Ou + a4 — 40:45, [LEARWING) [LEARUING] Learning & Development (11s) File Explorer | 0.0 08 sn sver~ | oo preire) | teweonse | Wvcen + 46 — 44:07 [LEARING] [LEARUING] Learning 8 Development (208 40s) Chrome | . Q 54 nisenint | ~ 9 x 1-€ > 0 5 youtubecon | ee 07 ~ 11:30"" [ceAMUmG] (LEADING) Learning & Development (28 463) Chrome | Bain + V0 comesonsfromso. Ax + Hhkeemisi xe | me 21 — 11 [LeARUNG] [LEARNING] Learning & Development (385) eave | te ace monte ‘C""ecture at: hats Deadlock Necessary | . Lion sat — 11 [come (cme cong (sn) sore | asain ot ‘combinatorics Ieetcode x0 | eee) G2 sasa2 — 31226"" [Learns] [LEABIG] Learning & Development (48 13) Crone | ce | ""Hsin [cea [cent Carnie Development (im 208) ch | setae sasa6 — 31547 ""[Leatune) [LeABimn] Learning & Development (1m 225) Chrome | . Card Sey + crate 6"" | olise knows nicharison | Bm 17 = itn’ (Leatno] (LeAtaTNG} Learning & Development (265) quick settings [be] | '18 — 11:22 [LEARIING) [LEARUING] Learning & Development (2m 595) Chrome | vowaey 28:25 — 12:26 [CODING] [COOING] coding (am 3s) Brave | > caine coutt| lima. ae | > mos DB scxoue 11126 — 1158 [Leame} [eAmIING) Leoring & Developeet (98 28) brave | O 2 5 deadock [6 Pitot Combinatorics) + | > @ombive secondo. tu: 44339 — 31390. [LEARUING] [LEARING] Learning & Developaent (135) chose | se Cer © x0 unten mentor x + Prkenii - 9x 1 00 | 2 or Bowen tnsnes29 a2caaces Pinte 1 Windows RL ue | Oss ttt 20526500 pete noe | rans | them selec $0318 | as"
2026-06-14T21:02:26,work_summary.txt - Notepad,1 botoe entering x + | « 4% D> THiePC > Windows’) > lptop monteing > Search laptop monitrng a | Om % © ® —_+- - OD Preiew | 75 ACCS ¢ MULCUMa) Dexntsl,"1 botoe entering x + | « 4% D> THiePC > Windows’) > lptop monteing > Search laptop monitrng a | Om % © ® —_+- - OD Preiew | 75 ACCS ¢ MULCUMa) Dexntsl ating! — prc Pome Po Produc Pro apart (use astint work X workin + oN | . Fle Edt View My ey BIS @ BYR | Deen 2 Ke ontecre 2: what Leoessoce| ms A A nro | Bre + 11:37 ~ 11:38 [LEARITNG] [LEARING] Learning & Development (36s) chrome | ‘yy x unatieto generate te co x [8 carat | ree + 11:38 — 11:41 [LEARNG] [LEARUING] Learning & Development (3m 345) Brave | Wve: + a coe ah yore camathne ok C58 | = Youtube | | a1;aa = 11:45 [LEARING] [LEARING] Learning & evelopnent (1m 225) Chrome | = A ‘yy x unsbleto generate te-cass | 8 cig a | 11:45 — 11:56 [LEARUNG) [LEARIING] Learning & Development (108 275) Brave | Betty + ‘Sere 2: whats Dessoce] | Ineo oy He ~ 9 | 11:56 — 11:57 [LEARUNG) [LEARING] Learning & Development (1m 145) Chrome | te eptp monte 19 Laptop nonttoR autos nds | Tot ptr 182 | we 11:57 ~ 12:05 [LEARNING] [LEARUING] Learning & Development (5m 175) Brave | me sppicton# 12:04 ~ 12:04 [LEANING] [LEAWING] Learning & Development (8s) chrove | ‘9% unsbleto generate teas: | cig nat den | mesa tor 12:06 — 12:10 [LEARNING] [LEARWING] Learning & Development (2m 475) Chrome | ‘yy x unsbleto generate te-cass | B cig a | Jas = 12:15 Keane] Lene) tanning & Development (4m 18) tre | > Deere) Door 2:15 = 12:15"" [CooING] [CoomNG] Coding (21s) Brave | > mn cistvecoudt| Aina uce wT eect 2 bats Deadock| he (4 tro to | 12:15 ~ 12:16 [LeAWUTNG] [LEAWING] Learning & Development (44s) Brave | > mica Brcxome eT etecure 2 hat is Deadock| ne (a toto | conta ucts 1216 = 12:16 [CODING] [CODING] Coding (125) Brave | Sonne . se Neaere 2: kat tabendock| Me (trot cont | se nn ee cae en | eaD ame regyes WSSCASS A722 niet 10% Windows CRN urs | v mmsrc : Se | Ewan sre reoeamsiet2 _Pyoansouce ile a | Oss ttt zrosamsrson rie noe | DS Neneure i vorksunnny 1306520061817 Tet Document ery | rans | them selec $0318 | as"
2026-06-14T21:02:28,work_summary.txt - Notepad,1 botoe entering x + | © 5% © D> Tse > Windows (Cd > atop mentatng > Search top monitesing a | ; = Be 6 meine; teint ssttsl patie Padi Poste kmpatiine,"1 botoe entering x + | © 5% © D> Tse > Windows (Cd > atop mentatng > Search top monitesing a | ; = Be 6 meine; teint ssttsl patie Padi Poste kmpatiine sant (wa wom b+ | Fleet View Wy ey BTS 0 BYR * d@o | 1 looks ke you spent most of your tine learning and developing your skills, with a focus on combinatorics and deadlock concepts. You | Brcuc: ¢ Masini atehed YouTbe v1deon on these topics, including Lessons fram MSO, and explored Felatedprobless on LetCode, You aso briefly worked on | Coding exercises, specifically a problem related to deadlock. | Bdoamen ¢ — Racivnsog | Onc 5 Bove | Bejan Your time was split mostly between Learning and development, with about 1 hour and 11 minutes spent on this, and only about 2 minutes | Bre 9) 8 Spent on actual coding. There were no meetings, 50 It was a solo work Session. | momo e |, the sequence of activities was a bit choppy, with many context switches between different resources and toples. You'd watch a video, then | Bain + quickly sulteh to a coding exercise, and then Jump back to learning again, This might have made It hard to dive deep into any one topic. | miccorsate | ‘SS one thing that stands out 15 that you seemed to struggle to stay focused on coding, wlth most of your time spent on learning and watching | Beene videos. ""This might Indicate that you're still bullding your foundation In these areas, whlch 1s totally fine. | Romy For your next session, try to set aside a dedicated block of time for coding, without any distractions or context switches. This will help. | mrvstcson | aaconns You make progress on actual problens and exercises, and reinforce your learning. | Bm (© 2026-06-13 13343. | 8:40 > 15:32. | 41 sessions | . [teawitns} Learning & Development: 1h 31m | [COOING) Coding: 1m 54s | > mconcorss6| — Bnower | > mcewnecaust| Brinn Yard — 18:40 [LEARUING] [LEARUING] Learning & Development (55) Chrome | > pus Brcsove {6 Laptop noun | Search window tes, | 18:40 vesesessrveeeseee 10:30 [LEADING] [LEADING] Learning & Development (15h 49m) Laptop Honitor bg) | DO WBcnsoypuse 10:30 10:31 [LEAMIING) [LEARITNG] Learning & Development (29s) chrome | = So con Lemy Pep suatic Ox + | Phkcenint | ieiacase 2szenncen Pinte 1 Windows tN ue | ae 2esamsiseo —paie ae"
2026-06-14T21:02:29,work_summary.txt - Notepad,"fm ectp mente x + | © 5 © D> TPC > Windows(C) > laptop monitring > Search ptop moiteing a | 7 aC Be cue, tetintsh satel — patente Pode Roda Pe ingore ","fm ectp mente x + | © 5 © D> TPC > Windows(C) > laptop monitring > Search ptop moiteing a | 7 aC Be cue, tetintsh satel — patente Pode Roda Pe ingore ast (wor) wen b+ | oom Hy ee ee | O rer BIse B® | poorer 2 = 12:34 [LEARUING] [LEARUING] Learning & Development (1m 15s) chrone | Brae + 6 Laptop rouTTOR | Search window thes, h | re Bester Te Tooke Like you spent most of your tine learning and developing your skills, with a focus on combinatorics and deadlock concepts. You | Besvoinmrer watched YouTube videos on these topics, incloding lessons fron M50, and explored related problems on LeetCode, You also briefly worked on | He ecm ting exerciser, specifically a problem related to deadlock. \ | mowome | cue Your time was split mostly between learning and developent, with about 1 hour and 11 minutes spent on this, and only about 2 minutes | Bain + Spent on actual coding. There were no meetings, so it was a’solo work session. | Memos | te ace monte ‘the sequence of activities was a bit choppy, with many context switches between different resources and topics. You'd watch a video, then | Beco quickly switch to a coding exercise, and then jump back to learning again. This might have made it hard to dive Jeep into any one topic. | mrosamere |g | cD fone thing that stands out is that you seemed to struggle to stay focused on coding, with most of your tine spent on learning and watching | tsroicions# | plsasacos videos. This might indicate that you're still building your foundation in these areas, which is totally fine. | > wnowe | WLsiop Mon” For your next session, try to set aside a dedicated block of time for coding, without any distractions or context switches. This will help | you make progress on actual problems and exercises, and reinforce your learning. | Bronte | (© 2076-06-13 13:43 | 28:40 -> 13:32 | 4 sessions | FBrcimay.duset — [Leatna] Learning & Development: th aim |” [CODING] Coding: 1m 54s | Dard aerivery rineuaNe | cond es 18:40 [LEARWING] [LEARUING] Learning & Development (55) Chrome | Chol 129 Laptop moxtToR | Search window thes, | Bousernacge RCH 2s2crances inten can | Bso29e reoeamsiet2 _Pyoansouce ile . | Bsc noseins zrosamsrson rie noe | Bi von sunny 1306520061817 Tet Document ery"
2026-06-14T21:02:39,work_summary.txt - Notepad,"« 4% © D> TWisPC > Windows (C) > laptop monterng > Seerehptop moiteing a | 7 aC Be cue, tetintsh satel — patente Pode Roda Pe ingore ast (wor) wen b+ ","« 4% © D> TWisPC > Windows (C) > laptop monterng > Seerehptop moiteing a | 7 aC Be cue, tetintsh satel — patente Pode Roda Pe ingore ast (wor) wen b+ | O P Rvciney FE View Wy ey BTS 0 B® v d@6 | . + ‘the sequence of activities was a bit choppy, with many context switches between different resources and topics. You'd watch a video, then | quickly switch £0 a coding exercise, and then jump back to learning again. This might have made it hard to dive deep into any one topic. | 0 fone thing that stands out is that you seemed to struggle to stay focused on coding, with most of your tine spent on learning and watching | Wivien + ideos. This might indicate that you're still building your Foundation in these areas, which is totally Fine. | monone For your next session, try to set aside a dedicated block of tine for coding, without any distractions or context switches. This will help | Ces 2 you make progress on actual problens and exercises, and reinforce your learning. | > wnowe | © 2026-06-28 0 | > 13:32 | a1 sessions | {Ceatacy Learning & Development: th sim | (COOINE coding: 1m 54s | 18:40 ~ 18:40 [LEAWUING] [LEARING] Learning & Development (5s) chrone | = @ Laptop noutton | search window thes, | ses40 « “Ye:20 (LEAN) [LEADING] Learning & Development (25h 49m) Laptop Monitor (be) | 10:30 ~ 10:31 [LEARIING] [LEARING] Learning & Development (29s) chrome | 0 Com Lenny Pep Guatic OX + | Phkcenink | 10:31 ~ 10:31 [LEARNING] [LEARUING] Learning & Development (6s) File Explorer | 0» @ > wishc > windows) > laptop monte | 10:31 ~ 10:31 [LEANING] [LEAWING] Learning & Development (7s) chrove | ‘0 onen atop Giaic x + | > 5 voxtubecona. | 10:31 — 10:32. [LEARING) [LEARUING] Learning & Development (1m 145) Chrome | (com teny Pep emt x + OL1GR) Ox 1 0 | sexe ain | Bousernacges RCH M2s2cances Pinte 10% Windows CRN urs | Bso29e osama. ee a | Bsc noseins zrosamsrson rie noe | Bi von sunny 1306520061817 Tet Document ery"
2026-06-14T21:02:40,work_summary.txt - Notepad,1 botoe entering x + | « 4% D> THiePC > Windows’) > lptop monteing > Search laptop monitrng a | 75 ACCS ¢ MULCUMa) Dexntsl ating! — prc Pome Po Produc,"1 botoe entering x + | « 4% D> THiePC > Windows’) > lptop monteing > Search laptop monitrng a | 75 ACCS ¢ MULCUMa) Dexntsl ating! — prc Pome Po Produc Pro apart (use astint work X workin + | . 8 eaaog FA EB ew Wy Bye T6 oa % | Soca “:s2 14:44 (LAAWNG) [LEAQUNG] Learming & Development (R338). Corone | o sp Disc 2G toptop mourn | search indo ties, h | ssa — 12535 [Leanne] [LEAR] Learning R evelopment (8285) brave | ice 6 Bee errs eon sloessee NSIS > | 0 | Beveinmoe 25 ~ 12543 [Leawine) [Leave] Learning & Development (78358) rave | . hats bessockIn 8 (A iatrot | . B | msceteeso: azs4p — 125 [LeAnne] [LeAmNG} Learning Development (425) Chrome | a Roem enten rato | Swe in in | ae suas — 12557 [Lean] [LEAR] Learning & Development (138558) Brave | ater FB ce2n 09 — | chlecire 2: what iedessoce| w= | A ite opment > | mrceorone | 8 12ss7 ~ 32359 [eanns} [LAG] Leoring & Development (20 105) Chrone | || seme Im vonletogereate rece: o clpnarceten | anton | wong 1b:00 = 1:09 [Lenn] [LAME] Learning 4 evelopment (am 595) brave | — [rehuecire 2: stat tebessoce] [ra ite | Bessoces 13:09 ~ 13:09"" [LeaoNs) [LEAH] Learning & Development (8) Chrome | c= || oo OPT @ cle not dened eno x X Uptep heat | toe sase9 - 13203 {Leste} {LeMing] Learning & bevelopent (75) otepad (be) | nme Lite — 13-12 [Leamne) [Leama] Learning & Developeent (2e 375) Brave | ee | aloe th X yore camathneok se | = Youth | comers nr aay — 13817 [Leamng) [Leamne] Learning Developeent (35s) chrone | 5 ered) Cell ten rato | Swe in in | aasiy = 13821 [Leamme) [Leate] Learning k evelopment (28495) trave | > mca Brcxone eee aoe OOD | ia = 13:21 [Leawune} [LEARUWG] Learning &Developeent (105) chrone | > oti | Maem OF aptep wonton “areheshiogs [Tot care | es coc aninn 13:21 — 43822"" TLEARMNG] TLEARITNG] Learning & Development (1m 1s) erave | al meer | wae 0252 chenten Paint ON Wns uma | mre Can os | Bec rest avasameisao te aa | ver simany 130620261817 Tet Doaent si | 27 ke | Shem 2348"
2026-06-14T21:02:42,work_summary.txt - Notepad,1 botoe entering | © D> TsPC > Windows(C) > laptop menting > | L dowicats # | Name | Bi dccoens # — Rcivn.og | Brcuwes ¢ — Mecivysincie | Hives 9 | Bo,"1 botoe entering | © D> TsPC > Windows(C) > laptop menting > | L dowicats # | Name | Bi dccoens # — Rcivn.og | Brcuwes ¢ — Mecivysincie | Hives 9 | Boece | mecca 9 | Brn | Bcosore | Bom 9] | eros. 20:60 | cag | tesco? | sareows | mans Bi oexp Mone: | > mmcoucorsst| Bi nomor | > tm cee cnt] Rima buaet | > Oren Bi rcsoue | DOD FB cont | > @onome We. | v mmr ne | > Swati . | > rewind | Fle Edt View My SY Bs © @ | 5 sm os-letcoderoie x + Hnwemnis (So x | | 12:22 — 12:25"" [Lewwuna] [LEARNING] Learning & Developeent (28 25) Brave | (Ge (tere 2: What is Deadock| he (4 toto | 12:30 — 12:30 [LEAMWING] [LEARNING] Learning & Development (10s) Brave | (ete 2: that is Deadock| Ne | Mito Combi | 2:32 — 12:34. [LEMBUING] [LEARUING] Learning & Developeent (18 15s) chrone | @ Laptop noutToR | Search window ties, | 2:34 — 12:95 [LEARLING] [LEAWIING] Learning Development (1m 28s) Brave | ‘SC opecire 2: thats Dessock|N @ (A Introt | 12:35 — 12143 [LEMMING] [LEAWIING] Learning & Developaent (7a 25s) Brave | ‘SC oecire 2: whats Dessock|N @ (A Introt | 42:43 — 12:43. [LEAMWING] [LEAWIING] Learning & Development (425) chrome | @ Laptop nontTon | Search window ties, | 2:43 — 12:57. [LEARIING] [LEARIING] Learning & Development (138 55s) Brave | ‘TV evecine 2: what Seoessoce] ie [A ite | 12:57 — 12:59 [LEARUING] [LEARUING] Learning & Development (28 205) chrone | ‘inc vowietogereate rece: x [8 cipnorceten | 13:00 — 13:09. [LEARLING] [LEAWUING) Learning & Development (88 595) Brave | ‘TV envecine 2: uhat Seoessoce] ie [A ite | 13:09 — 13:09 [LEAWING] [LEARNING] Learning & Development (8s) chrome | (| @ cig not dened eno x X © Uptep Ment | 12:09 - 13:09 [LEADING] [LEARING] Learning & Development (7s) Notepad [be] | 13:10 ~ 13:12 [LEARLING] [LEARIING] Learning & Developeent (2m 37s) Brave | aasa7 — 25317 [LEARING]_[LEARIING) | Wesacas n2zemnces | 44 MULcuMay Detentet astirp! pace sre Pdi Po Posie Pr import (use ate | Search laptop monitrng | woman 8 + | Windows CP) | %S saw"
2026-06-14T21:02:44,work_summary.txt - Notepad,1 botoe entering | © D> TsPC > Windows(C) > laptop menting > | L dowicats # | Name | Bi dccoens # — Rcivn.og | Brcuwes ¢ — Mecivysincie | Hives 9 | Bo,"1 botoe entering | © D> TsPC > Windows(C) > laptop menting > | L dowicats # | Name | Bi dccoens # — Rcivn.og | Brcuwes ¢ — Mecivysincie | Hives 9 | Boece | mecca 9 | Brn | Bcosore | Bom 9] | eros. 20:60 | cag | tesco? | sareows | mans Bi oexp Mone: | > mmcoucorsst| Bi nomor | > tm cee cnt] Rima buaet | > Oren Bi rcsoue | DOD FB cont | > @onome We. | v mmr ne | > Swati . | > rewind | «mucin, venentsl ating pricier Pedi Po Product Po inport (use astiat work X works» | Fle Edt View My ey BIS @ BYR | Search laptop monitrng | ‘or your next session, I'd recomend setting aside a dedicated block of tine for coding, say 20 minutes to an hour, and try to aininize | context suitches during that time, This will help you build momentum and make progress on your coding goals. | (© 2026-06-13 14:48 | 18:40 -> 14:35 | 49 sessions | [Learns] Learning & Development: ah 37m | [CODING] Coding: 1m 545 | 48:40 — 18:40 [LEAWING) [LEAWIING] Learning & Development (5s) Chrome | {= @ Laptop nontTon | Search window ties, | 18:40 10:20 [LEARNING] [LEARNING] Learning & Development (15h 49m) Laptop Monitor (bel | 11:30 — 10:31 [LEARING] [LEARIING] Learning & Development. (295) chrome | Com Lenny Pep Guatic x + | Phkcemini | 0:31 — 20:31 [LEARIING] [LEARUING] Learning & Developrent (6s) File Explorer | ‘0 > @ > wishc > Windows) > laptop monte | 0:31 — 10:31 [LEARUING) [LEARNING] Learning & Development (7s) chrome | 0 onen atop Guaic x + | > 5 | 0:31 — 20:32 [LEARIING] [LEARUING] Learning Development (18 245) chroe | — ~ com teny Pep emi x + Qiica) = 0 x | © | 10:32 — 20:35 [LEARIING] [LEARING] Learning & Development (28 415) chrone | © 0 contenny ren Guano ox + Gide) - 0 x | | 10:35 — 20:48 [LEARIING] [LEAWIING] Learning & Development (98 75) chrose | © 0 contenny ren Guano ox + Prkemisi 9x | ‘e:44 — 40345 [LEARNING] [LEAWIING] Learning & Development (11s) Fle Explorer | ‘0.0 06 sn sver- | 00 preire) | Seweanne | aca n22emnces Pinte 10% Windows CRN | oo N eww"
2026-06-14T21:02:46,laptop monitering - File Explorer,boo menteing x | © 5% © (> THRE > Wedom te) > top meting > Sat ep erg a | ww % O @Q@ @ OB Wson-~ BVew- ve Oo | ‘Lvowicess # | Mame . ate moses Type ee,"boo menteing x | © 5% © (> THRE > Wedom te) > top meting > Sat ep erg a | ww % O @Q@ @ OB Wson-~ BVew- ve Oo | ‘Lvowicess # | Mame . ate moses Type ee | Bevan # Macey esate — Mmenedco.—88e8 | eons | Sone eeaatiee owned. eb | eu. |i raeeamied —omnecte 78 | : * Bopp tauncher 12-06-2026 1715, ‘Python File (no co 18K | an Baer peariernt | enone —_ eeeaatien nominate 78 | Ley WE ceanjog 13-06-2026 1711 “Microsoft Excel Co.- omKs | CIS Bi ccaner 12-06-2026 1812 ‘Python Source File or | al B contig. 12-06-2026 1812 ‘Python Source File 3K8 | teeicsens? | ono eens emia $08 | Basse ME Laptop Monitor 12-06-2026 1715, Weedows Baton File 1K8 | Bon eeeaciied —pomimate 38 | > mevmonsat| Rimmer pean — ontrack | > moweecnat|| pie mie a fst oD | > pac Braue Cer eee | 3f Qe Ca Ete | io Bem crs con | ae B sure nacre Car GSE oD | Sg! Bao raeeased —pomnete eb | BB 5104. modet pt 21-05-2006 1500 PKL File 388 | 2 Stereo! [Dvokmmay BRR RTT Tonnes] | ZFQog@o0evPomesGCeravs 200 WoO ite"
2026-06-14T21:02:52,,~ © covmssse XW Meet-p-atote — @ XB AK -Grogcout % © Uptep Mentor x + + Ask Gein | © > © © kexaoss00 Be oF | @ Laptop MONITOR | (© Meet co. 8 pay -Gio,~ © covmssse XW Meet-p-atote — @ XB AK -Grogcout % © Uptep Mentor x + + Ask Gein | © > © © kexaoss00 Be oF | @ Laptop MONITOR | (© Meet co. 8 pay -Giogs © © tecahosso00|@ __cAWhatx © 5B Mees: rogcons %6 © Uptep 19 © cownassoe x © % 6 AMees-coqcans % © ‘A What | Mect-optome — @ x] AMKeys eogaous | Laptop MONITOR] 19© cornassoeX]Metcpetote— _ Meniorx | © © tecahstso00 |@ Laptop MONTOR _Uplep Mentors + rkami-9x|© © tecahosso00 © Laptop Monitors Prkemil-9x1 © © | {@ x AMKeys | Gosia © Uptep Menton Pksmit&x [vor et mermon amoonnconmeni|eraabicated eof | @ Laptop MONITOR Sony | No readble tecahostso0 Be F|@ Laptop MONITOR * ony | | e oreo] content in Geogeous © pop M | © Laptop Montor-G... x @ meetgoogiacom sharin.
2026-06-14T21:02:53,Laptop Monitor - Google Chrome,"@ Laptop MONITOR | Search window ties, highlights, OCR tet | ‘torceahin | To aphees 9684 | | United Notepad seach Seach sppeaton monitoring Fe poner |","@ Laptop MONITOR | Search window ties, highlights, OCR tet | ‘torceahin | To aphees 9684 | | United Notepad seach Seach sppeaton monitoring Fe poner | ‘1m optaonmentorng x« [© > GD > TWeFC > Wes +> TWePC> Windows) > applton te Secondo et | Micon ain |¥mmste {6 ptoon maton x| yon Soacete ne | | indoms (0) > appatin monitoring > Search rmortoring > 705 one [> wnowe | se nesis| Search ppliton montering | Pymantnaco 18 | PymonSowcele SAK| Fymon Sos | ‘lation monting a © Wen es == 0xOD Preiew | [cocnzo0xromta CREAN | 8 saw | OD Pri tie | symonsoacefl 14k yon Soci Py | Domicle€ Syonsascee | AO eam yt"
2026-06-14T21:02:54,Laptop Monitor - Google Chrome,"@ Laptop MONITOR utoteesh nds | Tot capt 1972 | Search window ties, highlights, OCR tet | Luptop mantering File oer ws smart - Notepad work summary No","@ Laptop MONITOR utoteesh nds | Tot capt 1972 | Search window ties, highlights, OCR tet | Luptop mantering File oer ws smart - Notepad work summary Notepad | = © coumsse XW Meet p-atote— @ 8 AK- boo menteng x © 5% © (> THRE > Wedom te) > ‘bot entsing|© D> TSC > Windows > aptop__1 bot entering | © D> TC > Windows) > laptop | Grogcoit © Uptep Menor + AdkGein|©> © topmeting > Sat ep erg aww % 0 BOB @ O8 menting > dows # | Nae Bi decoens #— menting > [dows # [Name [8 dcoens #— | o.8pay-Gio mores ype ee | HAoBe@eccwomed OCRFENE"
2026-06-14T21:02:55,laptop monitering - File Explorer,boo menteing x | © 5% © (> THRE > Wedom te) > top meting > Sat ep erg a | ww % O @Q@ @ OB Wson-~ BVew- ve Oo | ‘Lvowicess # | Mame . ate moses Type ee,"boo menteing x | © 5% © (> THRE > Wedom te) > top meting > Sat ep erg a | ww % O @Q@ @ OB Wson-~ BVew- ve Oo | ‘Lvowicess # | Mame . ate moses Type ee | Bevan # Macey esate — Mmenedco.—88e8 | eons | Sone eeaatiee owned. eb | eu. |i raeeamied —omnecte 78 | : * Bopp tauncher 12-06-2026 1715, ‘Python File (no co 18K | an Baer peariernt | enone —_ eeeaatien nominate 78 | Ley WE ceanjog 13-06-2026 1711 “Microsoft Excel Co.- omKs | CIS Bi ccaner 12-06-2026 1812 ‘Python Source File or | al B contig. 12-06-2026 1812 ‘Python Source File 3K8 | teeicsens? | ono eens emia $08 | Basse ME Laptop Monitor 12-06-2026 1715, Weedows Baton File 1K8 | Bon eeeaciied —pomimate 38 | > mevmonsat| Rimmer pean — ontrack | > moweecnat|| pie mie a fst oD | > pac Braue Cer eee | 3f Qe Ca Ete | io Bem crs con | ae B sure nacre Car GSE oD | Sg! Bao raeeased —pomnete eb | BB 5104. modet pt 21-05-2006 1500 PKL File 388 | 2 Stereo! [Dvokmmay BRR RTT Tonnes]"
2026-06-14T21:02:57,work_summary.txt - Notepad,1 botoemontering x | © © D> TwwPC > Windows (C9 > lptop montring > ‘Seoch ptop montering a | nw XO @ CO Nee Btw mei | Lomas | a see | Bocce: # — Rlocn,1 botoemontering x | © © D> TwwPC > Windows (C9 > lptop montring > ‘Seoch ptop montering a | nw XO @ CO Nee Btw mei | Lomas | a see | Bocce: # — Rlocnnon possesion — Micon elo. 15518 | Brace Mx smaoe esas HS Mico elo. 1D | a a Sey 0620615 onFeroco. 1D | tmonone 9 | Boeimeene f = = | G Bowne 1 a a! | vr Fcnouso ye etn 4 meen tng a st aig ym ss oy an | mervconcate | 1 Sear ic te ae a a cn a ce | meresmme | cat {Tessa sa Slbsieeter | goa 1 Rati tb il tm | tees sre J | > mmcontorssas { | > maces const { | > meee { | > eon 1 | > 2 New one | ZFQoeg@o0oevPromesGCearavs | AO oa ® yell @
2026-06-14T21:02:58,work_summary.txt - Notepad,1 botoe entering | © D> TsPC > Windows(C) > laptop menting > | L dowicats # | Name | Bi dccoens # — Rcivn.og | Brcuwes ¢ — Mecivysincie | Hives 9 | Bo,"1 botoe entering | © D> TsPC > Windows(C) > laptop menting > | L dowicats # | Name | Bi dccoens # — Rcivn.og | Brcuwes ¢ — Mecivysincie | Hives 9 | Boece | mecca 9 | Brn | Bcosore | Bom 9] | eros. 20:60 | cag | tesco? | sareows | mans Bi oexp Mone: | > mmcoucorsst| Bi nomor | > tm cee cnt] Rima buaet | > Oren Bi rcsoue | DOD FB cont | > @onome We. | v mmr ne | > Swati . | > rewind | «mucin, venentsl ating pricier Pedi Po Product Po inport (use astiat work X works» | Fle Edt View My ey BIS @ BYR | Search laptop monitrng | ‘or your next session, I'd recomend setting aside a dedicated block of tine for coding, say 20 minutes to an hour, and try to aininize | context suitches during that time, This will help you build momentum and make progress on your coding goals. | (© 2026-06-13 14:48 | 18:40 -> 14:35 | 49 sessions | [Learns] Learning & Development: ah 37m | [CODING] Coding: 1m 545 | 48:40 — 18:40 [LEAWING) [LEAWIING] Learning & Development (5s) Chrome | {= @ Laptop nontTon | Search window ties, | 18:40 10:20 [LEARNING] [LEARNING] Learning & Development (15h 49m) Laptop Monitor (bel | 11:30 — 10:31 [LEARING] [LEARIING] Learning & Development. (295) chrome | Com Lenny Pep Guatic x + | Phkcemini | 0:31 — 20:31 [LEARIING] [LEARUING] Learning & Developrent (6s) File Explorer | ‘0 > @ > wishc > Windows) > laptop monte | 0:31 — 10:31 [LEARUING) [LEARNING] Learning & Development (7s) chrome | 0 onen atop Guaic x + | > 5 | 0:31 — 20:32 [LEARIING] [LEARUING] Learning Development (18 245) chroe | — = com teny Pep emi x + lice) - 0 x | © | 10:32 — 20:35 [LEARIING] [LEARHING] Learning & Development (28 415) chroe | © 0 contenny ren Guano ox + Gide) - 0 x | | 40:35 — 20:48 [LEARIING] [LEAPING] Learning & Development (98 75) chrone | © 0 contenny ren Guano ox + Prkemisi - 9x | TLEARING] [LEARNING] Learning & Developeent (11s) File Explorer | 0.0 06 sn sver- | 00 oreire) | Seweanne | ecu n2zewnces Pinte 10% Windows CRN | oo N eww"
2026-06-14T21:02:59,work_summary.txt - Notepad,"1 botoe entering x + | © 5 GD > TiseC > Windows) > laptop montering > Search laptop monitrng a | Onn % O @ en re | Be cue, tetintsh satel — patente Po","1 botoe entering x + | © 5 GD > TiseC > Windows) > laptop montering > Search laptop monitrng a | Onn % O @ en re | Be cue, tetintsh satel — patente Pode Roda Pe ingore ast (wor) wen b+ | omits # | 5 7 Fle edt View Wy ey BTS 0 BY ® | Seon 1 creating st | creating st - ooogle seare | Bre # 13:24 — so:25_ [Leatums) [LEADING] Learning & Development (18 53) Chrome | Oy) x unatieto generate tke co x [o carat | Ou + 13:25 ~ 13:25. [LeaMo) [LEABIIIG Learning & Development (85) Brave | 0 5 ‘Sm onecirext nated? (Of toconbis] He) on | 13:29 — so'32 [Leanne] [LeAMIG] Learning & Development (98 253) Brave | moon Cestsror = prttecommattys. ect acs cet | Baty + 1 looks 1ike you spent most of your time learning about combinatorics, deadlocks, and related topics on YouTube, with a brief dip Sato | Mceovos Coding on LetCode, You worked of understanding concepts Ike necessary conditions for deadlocks and handling methods, hich Is great | mrweonone |g Nowever, your coding time was Iiaited to Jost under 2 minites, whlch 1s 9 shame | mrmszosent | ig Your tine was split mostly Between Learning and developaent, wlth coding taking a backseat. I notice that you had 9 lot of context | . . Suitches between different resources, including YouTube, Chrome, and Oravey which might have disrupted your flow. Tere were some focused | wotetons# | Bawsnoud _locksy Like when Jou spent 20 nutes learning about combinatorics on YouTube, but overall, your activities seemed gulte fragmented, | Mesrsoe | mustp sent one ening that stands out to me 15 that you seemed to struggle to maintain focus on single task for an extended period. You had may | ane Store bursts of activity, stich aight indiate that you were getting distracted or losing interest | > mcoucorssas] Rmower For your next session, I'd recomend setting aside 9 dedicated block of time for coding, say 20 minutes to on hour, and try to miniaize | : 2 ___ Context suitehes during that time, This will help you bulld momentum and make progress on your coding goals. | > meee Brcsove | o © 2026-06-19 usa | 18:00 > 14:35. | 49 sessions | Doe excontn.suie [Lean Learning & Development: ah 97# | (COOINI) Coding: am 54s | Mscn.ncn | *eomnre tnsa.cas9 282 Pint 108 Win ure | Bsureasye RCH 728 nn | mire : | ae 2asamsisao fe ae | Besar posamster7 —_YetDoaent sve"
2026-06-14T21:03:02,work_summary.txt - Notepad,"1 botoe entering x + | © 5 GD > TiseC > Windows) > laptop montering > Search laptop monitrng a | Onn % O @ en re | \ a Be cua, venentsl astrpl —prcien","1 botoe entering x + | © 5 GD > TiseC > Windows) > laptop montering > Search laptop monitrng a | Onn % O @ en re | \ a Be cua, venentsl astrpl —prcienene Pedi Po Product Pro npart(use asteat work X workin + | Fle Edt View Wy ey ars 0 BY ® | acess # — Mciog | LJ 3 = 13:23 LEARNING] [LEARNING] Learning & Development (27s) chrome | 5 5 Tov unattevo generate tee-cos x | elpeot | ~ 13:28 [LenS] [LEAWANG] Learning & Development (298) Chrome | Ou + T'Greating st | cresting at oogle Seare | Bcoinmne 13124 = 33225. [LEAMING] [LEARITNG] Learning & Development (18 53) Chrome | Wives: + TY) x unatLeto generate tee cox [a carat | . a | Bbetreocse 15:25 = 13:25 [LEAKING] [LEARIHG) Learning & Development (85) srave | Bowe sm onecireat nated: (0k toconbis] He) on | Bain + sia = 13132 [ueamne) [LEARUIWG] Learning &Developeent (28255) Brave | Reoney ‘Ceststev = prteconmattvs. Ger 5c cat | te ace monte | Bene Te looks Like you spent most of your tine learning about combinatorics, deadlocks, and related topics on vouTube, with 2 brief dip into | meroistone |g yng coding on LeetCode, You worked on understanding concepts Like necessary conditions for deadlocks and handling methods, which fs great. | . owever, your coding tine as limited to just under 2 mines, which 1s 9 shane. | eed ry | mosaic Your tine was split mostly between Learning and developent, with coding taking a backseat. I notice that you had 9 lot of context | Wmopson Suitehes between different resources, incloding YouTube, Chone, and Oravey which might have disrupted your flow. there were some focused | ane locks, ike when you spent 20 minutes learning about cnblnatorics on YouTube, tut overall, your activities seemed quite fragmented. | > mcoworsst] Rlnonir one thing that stands out to me that you seemed to struggle to maintain focus ona single task for an extended period. You hd many | : Store bursts of activity, wich might indicate that you were getting distracted or Losing interest. | > mcs const | Arima meer | rescue FOF YOU next session, I'd recomend setting aside 2 dedicated block of tine for coding, say 20 minutes to an hour, and try to mininize | > Bruca context sitches during that time, This will help you build momentum and make progress on your coding goals. | DO ere | *eomnre ninco ait chance 108 Win ure | B sures RCH 728 nn | mire : | ae 2asamsisao fe ae | Besar posamster7 —_YetDoaent sve"
2026-06-14T21:03:03,work_summary.txt - Notepad,1 botoe entering x + | « 4% D> THiePC > Windows’) > lptop monteing > Search laptop monitrng a | ¢ MULCUMa) Dexntsl ating! — prc Pome Po Produc Pro apa,"1 botoe entering x + | « 4% D> THiePC > Windows’) > lptop monteing > Search laptop monitrng a | ¢ MULCUMa) Dexntsl ating! — prc Pome Po Produc Pro apart (use astint work X workin + | Lomond # Nome | 5 7 le eae View Wy BY BTS @ B® | Ges 3 11:30 — 31538"" [Lenmne] (LeAaNG) Learning & Development (128) chrome | Zo uptep Mentor x + Prtenll 9 | 06 | Ou + 11:30 ~ 31:30 [Lene] [LEAMINE) Leaning Development (288) chrome | id) unatieto generate tee x | (ea tatcel | Bien + 1is33 = 11339 “TLeaMo] [LeAWIG] Learning & Development (18445) Chrome | ‘a vowlerogereats rece: [8 clonor seen | cern 9 {ueate] (LEARING) Leaning & Development (28358) Brave | Boater 0 ontecre 2: what vessocel Ns A A ro | 1:37 — 31:38” [LenMUNG) (LEAKING) Learning & Development (268) chrome | tata mont Ov) x unateto generate tte cox |e carat | me aesamient | [LEARN] [LEARWING] Learning & Development (1m 225) Chrome | ‘yy x unsbleto generate te-cass | B cig a | 11:45 — 11:56 [LEARNG) [LEARVING] Learning & Development (108 275) Brave | ‘were 2: whats Dessocel | Tneo oy He - 9 | 11:56 — 11:57. [LEARUNG) [LEARING] Learning & Development (1m 145) Chrome | 19 Laptop nonttoR autos nds | Tot ptr 182 | > mcoucores31| Bl montor 11:57 — 12:05 [LEARNING] [LEARNING] Learning & Development (5m 175) Brave | > moenrcat| Frcs sa:04 — r2e04 [LEABIING) [LEARIING] Learning & Development (8s) chrome | > mca Brcsove 9x unsbleto generate teas: | cig nat den | : 12100 — 12:10"" Leanutie} [LEAMUG] Learning & Developaent (28475) chrone | DO sen TY) x Unset generate te-css | @ cig a | f Msco.nem 12810 — 12:45"" (LEADING) [LEADING] Learning & Development (4m 165) Brave | 2 eee toon sacs 128. Painter Wino mun ura | Orc nest 2asamsisao fe ae | nn Ld posamster7 —_YetDoaent sve | 270m | hem soc 50318 | ae"
2026-06-14T21:03:04,work_summary.txt - Notepad,"1 tos moneing x + | © © D> THRE > Windows (C9 > lptop montrng > Seach atop moniting a | 7 aC Be cue, tetintsh satel — patente Pode Roda Pe ingore ast ","1 tos moneing x + | © © D> THRE > Windows (C9 > lptop montrng > Seach atop moniting a | 7 aC Be cue, tetintsh satel — patente Pode Roda Pe ingore ast (wor) wen b+ | oom Hy ee ee © | 5 f gmscvenoy Fie Et ew BIrseBe® vy c@e | Some 6 Laptop nourron | search window tes, | Brice: ¢ RBscvysincie | Bi maym TE 100k Tike you spent wost of your time Learning and developing your skills, with a focus on combinatorics and deadlock concepts. You | Ou + watched YouTube videos on these Xopics, including Lessons from R50, and explored related problems on LeetCode. You also briefly worked on | a ‘p | Beveinnoer Coding exercises, specifically a problem related to deadlock. | teomove 7 | SPP Your time vas split mstly betwen leruing and development, with about 1 hour and 11 mimstes spent on this, and only stout 2 mimites | Bouse went on actual coding. There were no meetings) s0-it was a'sol0 work session, | Led Mccuriy The sequence of activities was a bit choppy, with many context switches between different resources and topics. You'd watch a video, then | mrweonone |g Auickly switch to a coding exercise, and then jimp tack to learning again. This might have made it hard to dive deep into any one topic. | mrosamere |g fone thing that stands out is that you seemed to struggle to stay focused on coding, with most of your tine spent on learning and watching | . en) Videos, This might indicate that you're still building your foundation in these areas, which 1s totally fine, | rorcnse | | > mcomcorss24 | > I ceatve oust | > Be mccn | > @ombive | v mmsrc | > wnowe | For your next session, try to set aside a dedicated block of time for coding, without any distractions or context switches. This will help | Mussoorie: you make progress on actual problems and exercises, and reinforce your learning. | Brent (© 2076-06-13 13:43 | 28:40 -> 13:32 | 4 sessions | Miocene ENING] Leaning & Development: xh 21m |” [DIG] Coding: 1m 54s | Brsoue aerivery rineuaNe | 24 — 18:40. [LEARNING] [LEARKING] Learning & Development (58) Chrome | cond es (6 Laptop noutToR | Search window thes, | Awi49 sesesesneeresess 10:30 [LEARWING] [LEARNING] Learning & Development (35h 490) Laptop Monitor [bs] | sexe ain | Bousernacges RCD Maszcances Pntet 10% Windows CRA urs | Bso29e reoeamsiet2 _Pyoansouce ile . | Bsc noseins zrosamsrson rie noe | Bi von sunny 1306520061817 Tet Document ery"
2026-06-14T21:03:06,work_summary.txt - Notepad,"1 botoe entering x + | © 5 GD > TiseC > Windows) > laptop montering > Search laptop monitrng a | Onn % O @ en re | \ a Be cua, venentsl astrpl —prcien","1 botoe entering x + | © 5 GD > TiseC > Windows) > laptop montering > Search laptop monitrng a | Onn % O @ en re | \ a Be cua, venentsl astrpl —prcienene Pedi Po Product Pro npart(use asteat work X workin + | Fle Edt View Me | : 5 sn e5-Letcoderote x + Hnweanis (50 % | | rca —# — MBacvnsicine 3:22 — 12:25. [LEARNING] [LEARIING] Learning & Development (3m 2s) Brave | -BISse Ber | Bdoamen ¢ — Racivnsog | uc + 12:30 ~ 12:30 [LEAMIING] [LEARNING] Learning & Development (105) Brave | 1 Pr Sed (ete 2: shat is Deadock| Me | mito cont | Bvcinpocene, 12532 ""12554. [LEADING] [LEADING] Learning & Development (1m 155) Chrome | monone Se Laptop nourTon | search window ties, | Bain + 1 Looks 1ike you spent most of your tine Learning and developing your skills, with a focus on combinatorics and deadlock concepts. You | FBccnioo watched YouTube videos on these topics, incloding lessons from M50, and explored related problems on LeetCode. You also briefly worked on | mrweonone |g Coting exercises, specifically 2 problem related to deadlock, | meescione | ong ‘Your tine was split mostly between learning and developsent, with about 1 hour and 11 minutes spent on this, and only about 2 minutes | me rroicionse | Spent on actual coding. There were no meetings, s0°it was a s0l0 work session, | me sso muctopvome Te Sequence of activities was a bit choppy, with many context switches between different resources. and topics. You'd watch a video, then | Auickly switch to a coding exercise, and then jimp tack to learning again. This might have made it hard to dive deep into any one topic. | fone thing that stands out is that you seemed to struggle to stay focused on coding, with most of your tine spent on learning and watching | > mcoweorssst| Mmontor videos. This might indicate that you're still building your foundation in these areas, which is totally fine. | > tmowwe cast! Mriman-nte for your next session, try to set aside a dedicated block of tine for coding, without any distractions or context switches. This will help | > pus i rcroue YoU make progress on actual problens and exercises, and reinforce your learning. | O (© 2026-06-13 1:49 | 48:49 > 19:92 | 41 sessfons | DOR ee | tasa.ca ss 2c Pinte 9m Winn ue | Bsusernesse, OCA 7280 "" Lind | v mmr : | ae 20526500 pete ae"
2026-06-14T21:03:12,work_summary.txt - Notepad,1 botoe entering x + | « 4% D> THiePC > Windows’) > lptop monteing > Search laptop monitrng a | ¢ MULCUMa) Dexntsl ating! — prc Pome Po Produc Pro apa,"1 botoe entering x + | « 4% D> THiePC > Windows’) > lptop monteing > Search laptop monitrng a | ¢ MULCUMa) Dexntsl ating! — prc Pome Po Produc Pro apart (use astint work X workin + | Ldomionse # Mame | 5 7 Fle elt View Wy ey BTS © GYR | 5 Q Cameo ren ctara oF ise) ~ 9 xT | ees 40:35 — soset ”[Leatuie] [LEARAG] Learning & Development (98 75) Chrome | Ou + Se camtemy ren Guana OX + Prkemisi — 9 x | [Lewine] [LEARN] Learning & Developaent (18) File Explorer | | Wvcen + 0.0 08 sn sver~ | oo preire) | teweonse | 0:46 — 31:07 [Leanne] (LeARHIG] Learning & development (208 40s) Chrome | momoie # Se masemint | = 9x | €> 0 5 youttbecon | Cen 6 susey — 31220"" [Leatus] (LeABWG] Learning & development (28 463) Crone | V0 comesonsfromso. Ax + Hhkeemisi xe | te ace monte 21 — 11 [LeARUNG] [LEARNING] Learning & Development (385) eave | ‘C""ecture at: hats Deadlock Necessary | ma es20n0 susan = 31:11 coo] (coomn} Coding (158) Brave | . & gyoulube” “combinatorics leetcode x @ | enon 16 — 11:17 ""[Leamne) [LEARN] Learning & Developsent (IR 225) chrone | Bron ey + crate 6° | olise knows nicharison | 17 + itn’ (Leatno] (LeAttNG} Learning & Development (265) quick settings [be] | > mcoucorsss| Bl newer a — tise [Lexmuo] [LEADING] Learning & Developent (28 59) Chrone | 2 0 comesonsfromso. Ax + HhkGemisi xx | > monecaust| Mrimnowcct 43195 — a4:26 [co0!Ne) [COON] Coding (2m 36) Brave | > mca rezone vce a1) = youeconfenitteoch uryconbina | 13:26 — 31:30 [Leanne] [CeABAG] Learning & Development (28 203) srave | Sa Ih conta ore Deak To Pitot combinatorics) + = | : Mans onsn 129 12530"" [CEARUING] [LEARUING] Learning & Development (135) Chrose | 2 oom toon nu.canT seta ounces painter Wino mun ura | Bos nest 2asamsisao fe ae | nn Ld posamster7 —_YetDoaent sve | 270m | hem soc 50318 | ae"
2026-06-14T21:03:14,work_summary.txt - Notepad,1 botoe entering x + | « © D> TWePC > Windows (C) > loptop montrng > Searchaptop monteing a | Ou % © ® — ++ ~ gy Pein | ; = + MLC; bet stat steph pce ,"1 botoe entering x + | « © D> TWePC > Windows (C) > loptop montrng > Searchaptop monteing a | Ou % © ® — ++ ~ gy Pein | ; = + MLC; bet stat steph pce ne Prosi Pe Poa Pa inprttin’ ase week X wom b+ | . Fle edt View Wy ey BTS eGR | Bosco # | ® 1 von suwany ~ auto-update every hour O | | Wivien + | mronnse g | Bb rC Te aee-eeas :a4 | ana > 13h | sesions | Bowe [teseine} Learning & Development: sim 505 |” [CODING] Cod | Bain + | Reoney scravery vaneune | mrweonone |g 18:40 — 19:40 [LEARNING] [LEARUING] Learning & Development (5s) chrone | es 6 Laptop noutTon | Search window ties, | eros. 20:60 | cag “e:30. [Leawvine] [LEAQING) Learning & Development (35h 498) Laptop Monitor (be) | a 30 — 10:31 [LEAMING] [LEAKING] Learning & Development (29s) Crone | 1B castna econ Leny ep Guatic OX + | Phkcemint | meena one 10531 10:51. [LEAMIING] [LEARIING] Learning & Development (65) File Explorer | oes \'0'> ao > wishe > windows) > Laptop monte | Bm 40:31 10:31 [LEARNING] [LEARNING] Learning & Development (7s) chrone | . 10 nen atop uate x + | > 5 yortubecoona | > mcoucorssat] Brower 10:31 = 10:32 [LEAMING] [LEAKING] Learning & Development (Im 148) Chrome | Sree) Qed con teny Pep eat x + Olen) ~ 0x | 8 | 10:52 = 10:35 [LEARING] [LEAWING] Learning & Developnent (2m 415) chrome | > mca Brcsove Seo Tm tage oh | 10:25 ~ s0:4e [LEAMING] [LEARING] Learning & Development (98 73) Chrome | Se. Mopancson 10:44 — 40:45. TLEAWNG] TLEABLING] Learning & Develoosent (11s) File Exalorer | 2 oom toon ni ca 16014725 orton Pinte 1 Windows RL ue | Semme! ao rosamsies2 —_FyoanSoucefi 1 | B msc 2iesam1s00 pare ae | 270m | hem soc 50318 | ae"
2026-06-14T21:03:17,work_summary.txt - Notepad,"fm ectp mente x + | © > © O> THePC > Windows (G) > taptop montatng > Seer gt montng a | Onn % O en ee CD Preview | ry r = Be HILL CUMS, best frstpl a.","fm ectp mente x + | © > © O> THePC > Windows (G) > taptop montatng > Seer gt montng a | Onn % O en ee CD Preview | ry r = Be HILL CUMS, best frstpl a.starpl —practice.pric Product Pro’ Product Pro import (use: a.startxt work, X — worksumm B+ 7 XA | O P Rvciney FA Eat Vw My ey Br Se B® ve cd@o | Oo | asin ste Kl peblon| Br por lcoing selene waralaritw ety totaling oly ave 2 wer . | Qin, + Bmw Your tine mas split mostly beteen Learning and develoment, with about 51 minutes spent on this, and Just a fw minutes spent coding. | i There vere no meetings, #0 Yourhad a prety focused block of time to work on Jour skis. | | Q Bi ovsctpocesc. T.notice that you had a few context switches, jumping between different YouTube videos and briefly opening File Explorer. However, you | monoie also od sone Tanger focused blocks, ike the o-einite session where you watched 9 video on coablntorics. | Beotee | Bcotey + One thing that stands out to me is that you might be spending a bit too much time watching videos and not enough time practicing your | : | mooen Coding skills. 1°5 gent hat you're Tearing ne concept bat ft°5 also portant to apply then to real robles. | merosraigne | TOON For your next session, 1°4 suggest setting aside 2 dedicated block of tine to work on a specific coding problen, Like 2 Leetcode | > wnowe | Bows challenge. try to mininize context switches and stay focused on the problem at hand. This will help you build your coding muscles and | ‘reinforce the concepts you've been learning. | Bcssncas | MM usop mene: @ 2e76.06-13 12:36 | 18:40 > 1234 | 25 sessions | Bron [Leamitns] Learning & Development: ah 1am | [CODING] Coding: 1m 545, | Boner ACTIVITY TIMELINE | WBpriney pur ‘1840 — 18:40 [LEAMUTNG] [LEANING] Learning & Developeent (Ss) chrome | = @ Laptop nouttoR | search window ties, | Brcxone cscosssteeresnsss 10:30 [LEARNING] [LEARMING] Learning & Development (25h 49a) Laptop Monitor (bs) | 10:51 [LEARUING] [LEARUING] Learning & Development (295) Chrome | Catt = 0 com Lenny Pep uatic OX + | Phikcenink | sexe ain 1 = 10:31 TLEARIINGT TLEARIING] Learning & Develoonent (65) File Explorer | Bsusernacges MACHT 60147252 cances Panto 10% Windows CRN urs | Bso29e 12052061882 pybonSoucefil 10 | Bsc noseins zrosamsrson rie noe | Bi von sunny 1306520061817 Tet Document ery"
2026-06-14T21:03:19,work_summary.txt - Notepad,"1 botoe entering x + | © 5% © D> THF > Window) > lptep menting > Sexch top monteing a | One % © TT = 0 x joe | ; ~ 4 MuLca, satin tt prin Pte Pada inp","1 botoe entering x + | © 5% © D> THF > Window) > lptep menting > Sexch top monteing a | One % © TT = 0 x joe | ; ~ 4 MuLca, satin tt prin Pte Pada inptimt astt (wa wom b+ | a fie it View Wy Bye TS6@ a4” | se oy « Grate 6"" | lise tno lebron | row + sasa7 «128 (Leung) [Lemme earning & Development (268) Quick settings (be | Hite —xis22 [tenne) [Lennie] Leming & Development (On 398) Chrome | | Ouse + A camtesontromso. Ax + Hakcemis 3 | Bien sis25 — 11:26 [Coote] (CEO6] Coding Cw 39) Brave | momoine + 11:26 — 11530 [Cente] [CEAMING] Learning & Development (98795) Brave | ae Deatock Te Pitot combinatorics)» = | Bot + 11530 ~ 11338"" [LeaM6) [LEAtIIG) Learning & Development (135) Chrome | aden 11530 ~ 11:38 [Leno] [LEAMIVG] Learning & Development (285) Chrome | Cpe 4) onatieto generate tee x | (es ntcel | me rroicionse | 1 Looks Like you spent most of your tine Learning and developing your skills, with a focus on combinatorics and deadlock handling. You | watched several YouTube videos on these topics, including lessons from RSD and 2 lecture on deadlock, You also briefly worked on | me sso mM ustopton LeetCode problen, Dut your coding sessions were quite short, totaling only about 2 minutes. | Bmn ‘Your tine was split mostly between learning and developsent, with about 51 minutes spent on this, and just a few minutes spent coding. | + mmcourorsscas| Bmonor ‘HET Were no meetings, 50 you had a pretty focused block of time to work on your skills. | > mocsvecast| oimay.neax I aotice that you had 2 few content switches, jumping between different YouTube videos and briefly opening File Explorer. However, you | : ‘also had sone Tonger focused blocks, Like the 20-mimite session where you watched a video on combinatorics. | O fone thing that stands out to me is that you might be spending a bit too much tine watching videos and not enough tine practicing your | > mono FB ont muss ofing skills. 1t°s great that you're learning new concepts, but it's also important to apply then to real problens. | Mscn.ncn | > mono | tn cy 1260047252 haces Pinte 1 Windows RL ue | B since ness: | v mmr : | ae 20526500 pete ae"
2026-06-14T21:03:20,work_summary.txt - Notepad,"1 botoe entering x + | © © D> THRE > Windows (C9 > lptop montrng > Seach atop moniting a | 7 aC Hs cue, stain! sstnsl —patiepk Poked ro Podet ro inpo(","1 botoe entering x + | © © D> THRE > Windows (C9 > lptop montrng > Seach atop moniting a | 7 aC Hs cue, stain! sstnsl —patiepk Poked ro Podet ro inpo(int asteit (wa XC) waka + | 5 7 Fle edt View Wy BY BTS eGR | 5 Q siize — 11:30 “[eamuine) [LeABUINE] Learning & Developaent (28 205) Brave | me '7 e Deadock [6 Pitot Combinatorics) + | en 8 ‘1:30 — 11:30"" [Leamuzne) [LEARIING) Learning & Development (135) chrome | | 0 unten mentor x + Prienit - 9 x | 0 | Bivins + — 11:30 [ueamumne) [CEAMUING] Learning & Development (288) chrome | . : Tro) wnatieto generate tee x | (82 notcek | Beowe Te Looks 11ke you spent most of your time learning and developing your skiI1s, with a focus on combinatorics and deadlock handling. You | Bey | aicvicy watched several YouTube videos on these toples, Including lessons from MSO and 2 lecture on deadlock, You also briefly worked on | taieronone || oo Veetcode problem, but your coding sessions were quite shirt, totaling only about 2 minites, | Beane | Cee Your tine was split mostly between learning and development, with about $1 minites spent on this, and Jost a few mimites spent coding. | Baws here were no meetings, s0 you had a pretty focesed block oF time to work on your skills. | 5 1 notice that you had a feu context sultches, jumping between different YouTube videos and briefly opening File Explorer. However, you | mcs sae Lop tents 2150 had some longer focused blocks, Like the Zovninite session where you watched a video on conbleatories. | Bm fone thing that stands out to me Ss that you might be spending a bit too much tine watching videos and not enough tine practicing your | + mmcouorssas| Boonen coUlNgsKLTT5. It's great that you're learning new concepts, but t's also laportat to apply then to real probes | > tm cease caust| pimay.mcan FOF your next session, 1° suggest setting aside a dedicated block of tine to work on a specific coding problen, like a Leetcode | hallenge. Try to minimize context sultehes and stay Focused on the problem at hand. This will help you bulld your coding muscles and | > mca Brcroue —_Felnforce the concepts you've been learning. | DO cont | Mscn.ncn | > mono | osu ca 6014128 dncten Pinto 108 Windows ure | B since ness: | ae 2iesam1s00 pare ae"
2026-06-14T21:03:22,work_summary.txt - Notepad,"1 botoe entering x + | © 5 © D> TPC > Windows(C) > laptop monitring > Search ptop moiteing a | 7 m Be cue, tetintsh satel — patente Pode Roda Pe ingor","1 botoe entering x + | © 5 © D> TPC > Windows(C) > laptop monitring > Search ptop moiteing a | 7 m Be cue, tetintsh satel — patente Pode Roda Pe ingore ast (wor) wen b+ | O Q Fle edt View Wy ey BTS eGR | Doom % © uptep Mentor x + Prkemii - 9x | 00 | Brae + 11:30 11:30 [LEARITNG] [LEARNING] Learning & Development (285) chrone | On 6 0) unatieto generate tee x | (8a notcel | | aes watched several YouTube videos on these topics, including lessons from MSO and 9 lecture on deadlock, YoU also Briefly worked on a | monone crece, [eetCode problem, but your coding sessions were quite short, totaling only about 2 minutes. | Boater + ‘Your tine was split mostly between learning and developsent, with about 51 minutes spent on this, and just a few minutes spent coding. | Fccnjoo There were no meetings, 50 you had a pretty focused block of tine to work on your skills. | te ace monte | In coer 1 notice that you had a few context switches, jumping between different YouTube videos and briefly opening File Explorer. However, you | 2520280 | cong ‘also had sone Tonger focused blocks, Like the 20-mimite session where you watched a video on combinatorics. | Mericons# | tm eastcus one thing that stands out to me is that you might be spending a bit too much tine watching videos and not enough tine practicing your | me sso mustosvunns 20108 SKILLS, TEs great thot you're learning mew concepts, but It°s also lnportant £0 apply then to real problens. | Bmn ‘For your next session, 1'd suggest setting aside a dedicated block of tine to work on a specific coding problem, Like a Leetcode | Challenge, Try to minimize context switches and stay focused on the problem at hand. This will help you bulld your coding muscles and | > mcourorssas| Bmonir __Feinforce the concepts you've been learning. | > mcwvve cast] pinay: | > pus Bi rcsoue {© 2026-06-13 12:36 | 18:40 > 12:34 | 25 sessions | O [teat] Learning & Development: ah tim | [CODING] Coding: 3m 54s | DO cont | Meepnne ATIVE Tnecane | > @onoive | tn cn? 1260147252 racer Pinte 1 Windows RL ue | B since ness: | v mmr : | mt Bs ttt 20526500 pete awe"
2026-06-14T21:03:29,work_summary.txt - Notepad,"1 botoe entering x + | © 5 GD > TiseC > Windows) > laptop montering > Search laptop monitrng a | nen XO oo OD Preiew | 4 MULE, Deiat aig — pa Post Pr ","1 botoe entering x + | © 5 GD > TiseC > Windows) > laptop montering > Search laptop monitrng a | nen XO oo OD Preiew | 4 MULE, Deiat aig — pa Post Pr Prodi Fo Import astat we XC) worksimm b+ | vomints # Name o | Fle edt View Wy ey a Tse ” | 0 voten nentor'x + prkcalt - 9.1 00 . | rears ¢ — Macwvsincin —gasa9 — 31:30 (LEABUING) [LEAMLING] Learning & Developaent (288) chrome | To) anatieto generate tee x | (82 notcel | | Bdoamen ¢ — Racivnsog | Comes | Wives + | moncone | Boatey + | me pep ronte | me amsamiene | pesions | mesa tor | jcated block of time to work on 2 specific coding problem, Like a Leetcode | challenge. Try to minimize context switches and stay focused on the problem at hand. This will help you build your coding muscles and | > wmcoucorssa2s| Bmontor reinforce the concepts you've been learning. | > mn cistvecoudt| Aina uce | DOr DB scxoue (© 2076-06-13 12:36 | 28:40 -> 12:38 | 25 sessions | O [Leamitns] Learning & Development: ah 1am | [CODING] Coding: 1m 545, | soy FB conics | Meegmne ATIVE Tnecane | > @ombive | Wasa.cat voeta7as2 ects Paint 10% Windows CRN urs | B sires | v mmsrc : | se Bsc noseins zrosamsrson rie noe | > new eased | Bi von sunny 1306520061817 Tet Document ery | rans | them selec $0318 | as | ZFQoGg@G0P Ome GCRBravse A700 MB eaw gant"
2026-06-14T21:03:31,work_summary.txt - Notepad,"1 botoe entering x + | © 5 GD > TiseC > Windows) > laptop montering > Search laptop monitrng a | Onn % O @ en re | Be cue, tetintsh satel — patente Po","1 botoe entering x + | © 5 GD > TiseC > Windows) > laptop montering > Search laptop monitrng a | Onn % O @ en re | Be cue, tetintsh satel — patente Pode Roda Pe ingore ast (wor) wen b+ | omits # | 5 7 Fle edt View Wy ey BTS 0 BYR | Semen 1 x0 uptep nentor x + prkcalt - 9x] 00 | Bras 11:30 ~ 11:30 [Leamimne) [LEAMANG] Learning & Developeent (283) chrome | Gee To) umatteto generate tee x (ea tatcel | | a |p| Bvvvinnoe Te looks Like you spent most of your tine learning and developing your skills, with a focus on combinatorics and deadlock handling. You | Becunperso, watched several YouTube videos on these topics, including lessons frow WSO and a Lecture on deadlock. You als0 Briefly worked on 8 | moon tree TeetCode problem, but your coding sessions were quite short, totaling only about 2 minutes. | Baty + Your tine was split mostly between learning and developent, with about 51 minutes spent on this, and just a few minutes spent coding. | MMcenico There were no meetings, 50 You had a pretty Focused block of tine fo work on Your skills. | te ace monte | Bccne _y notice that you had a few context switches, jumping between different YouTube videos and briefly opening File Explorer. However, you | mermszosent | ggg ___als0 hod sone Tonger focused blocks, Like the 2omimite session where you watched a video on combinatorics. | Mericons# | tm eastcus one thing that stands out to me is that you might be spending a bit too much tine watching videos and not enough tine practicing your | a Coding skills, 10's great that you're leaning new concepts, but 18° also laportant to pply then to real problens. | soe | ML Letp Mone: | ane or your next session, 1°d suggest setting aside a dedicated block of tine to work on a specific coding problen, like a Leetcode | Challenge, Try to minimize context switches and stay focused on the problem at hand. This will help you bulld your coding muscles and | > mcourorssas| Bmonir __Feinforce the concepts you've been learning. | > mcs const | Arima meer | > pus rezone © 2026-06-19 1236 | 18:40 > 23K | 25 sessions | O {Testy Learning & Developacnt? ih tim | [Coon] Coding: 1m 5s | DO ere | Recsmere | ACTIVITY TinELINE | *eomnre Ansa.casoe 7252coraten Pinto 108 Win ure | Bsusenesse. = nn | mire : | ae 2asamsisao fe ae | Besar posamster7 —_YetDoaent sve"
2026-06-14T21:03:38,work_summary.txt - Notepad,1 botoe entering x + | © 5 © D> THRE > Windows (Cd > laptop montaring > Searchaptop monteing | \ a Bo smucunas votents astep! pace Pott Po Pott Po Snp,"1 botoe entering x + | © 5 © D> THRE > Windows (Cd > laptop montaring > Searchaptop monteing | \ a Bo smucunas votents astep! pace Pott Po Pott Po Snpetuee asttt wok X were + | : Fle Edt View We mY BTS @ B® vy c@e | Bdoamen ¢ — Racivnsog | heures 6 Racy since | Hives 9 | Boece | mecca 9 | Brn | meiwomonte | ge | eros. 20:60 | cag | tesco? | sareows | mans Bi oexp Mone: | > mmcoucorsst| Bi nomor | > mcwvve cast] pinay: | > @rmar Bi rcsoue | > @onive J intam | > @onome Mex antn | a B since ness: | > Eni BO | B msc | > rewieime eo | 1 sooKs Luxe You pune most UF Your ume LearMANg ah UeveLOpINg Your SRLS, HLH g TOLUS on CoMINALOFIES aH UeBLLOLR ANLLAN YOH | watched several YouTube videos on these topics, including lessons from MSO and 2 lecture on deadlock. You also briefly worked on 3 | eetcode protien, but your coding sessions were quite short, totaling only about 2 minutes. | Your tine was split mostly between Learning and development, with about 51 minutes spent on this, and just 2 few minutes spent coding. | ‘There were no meetings, so you had a pretty focused block of time to work on your skills. | 1 notice that you had a few context switches, jumping between different YouTube videos and briefly opening File Explorer. However, you | ‘also had some Tonger focused blocks, Like the 20-minute session where you watched a video on conblnatories. | ‘ne thing that stands out to we is that you might be spending a bit too much tine watching videos and not enough tine practicing your | coding skills, It's great that you're learning new concepts, but it's also important to apply then to real problons. | ‘or your next session, I'd suggest setting aside a dedicated block of time to work on a specific coding problem, Like a Leetcode | challenge. try to mininize context switches and stay focused on the problem at hand. This will help you build your coding muscles and | reinforce the concepts you've been learning. | (© 2076-06-13 12:36 | 28:40 -> 12:38 | 25 sessions | [Leamitns] Learning & Development: ah 1am | [CODING] Coding: 1m 545, | 40 ~ 18:40 [LEARNING] [LEARUING] Learning & Development (5s) chrome | = @ Laptop nouttoR | search window ties, | [LEAWUING] [LEARUING) Learning & Development (15h 49m) Laptop Monitor (bs) | 10:30 ~ 10:31 [LEARIING) [LEARING] Learning & Development (29s) chrome | 10 com Lenn peo Guatle OX + | Phkcenint | Wasa.came e722 crac Pinte 10% Windows CRN urs"
2026-06-14T21:03:40,work_summary.txt - Notepad,"1 botoe entering x + | « © O> ThePC > Window tC) > laptop menting > Sexch top monteing a | Om % © ® —_+- - gy Dain | a = 4 MuLca, satin tt prin Pte Pa","1 botoe entering x + | « © O> ThePC > Window tC) > laptop menting > Sexch top monteing a | Om % © ® —_+- - gy Dain | a = 4 MuLca, satin tt prin Pte Pada inptimt astt (wa wom b+ | a fie it View Wy ey pTS6 oa % | some ‘Vx tnatieto generate tte co x [6 carat . | BPcues + 11:38 — 11:41 [LEARNING] [LEARNING] Learning & Development (3m 34s) Brave | xisat — sisas [Lehme] [LENG] Leaning & Developent (Am 225) Chrome | Hv END x insbleto generate te-cass | 6 cle = \ | sisas ~ 41:56. [LenNG} [UEAMIG] Learning & evelopment (108275) Brave | momoine + <ilere 2s ats bessocel | taco oy Ne | 11:56 — 41357. [Lenng) [UEAMNG) Learing & Development (AR 4s) Chrome | Bot + Paton moron autos mds | ot ptr en | one 11:57 ~ sar0) [LeNNG) (LEANING) Learning & Development (58175) rave | me resamione 12j04 ~ 12:08 Tues) [LEARING] Learning & Development (85) Chrome | 23x umbleto generate teas: | cig nit den | me rsout x2s08 ~ sa:10 [Lenni] [UEAMIG] Leeming & Development (28475) Chrome | asssoe x2:10 ~ 42:15 [LennG) [LEMMING] Learning & Development (48365) rave | xaas — sas15 [oome] [Coote] Coding (Ns) ave | > Mmcomenyss236} Bi monitor | (tect 2 what is Deadock| Ne (4 tro to | 12:15 ~ 12:16 [LesMVG) [LEARING] Learning & Development (4s) srave | > te ceaive oust | many bucket 11 ceecure 2 that 1s Deadock| We (4 toto | Sue Bicowe 1286 ~ $2216 [coome} [CODING] Coding (135) Brave | Seon | Mondera {ceamme} (Lexne] Learning & Development (Am 275) quick settings (be) | Oo 2:2 {uranic} [Leamme] Learning & development (ats) rave | aaa a Col 308 47,252 characters Plain text 100% Windows ures | oS Cane oe a me | © BB 5104. modet pt 21-05-2006 1500 PKL File BeKe | 2 ere workman, 13-06-2006 1817, ‘Tex Document snk | hams | hese 2318 | as"
2026-06-14T21:03:42,work_summary.txt - Notepad,"1 botoe entering x + | © 5 GD > TiseC > Windows) > laptop montering > Search laptop monitrng a | Onn % O @ en re | Be cue, tetintsh satel — patente Po","1 botoe entering x + | © 5 GD > TiseC > Windows) > laptop montering > Search laptop monitrng a | Onn % O @ en re | Be cue, tetintsh satel — patente Pode Roda Pe ingore ast (wor) wen b+ | Ldowions # Name | . 7 eaaog FA Ew Hee Brsea® | fore “ saiae ~ sa [ain [ving dng ai) “teave | Brave 4 Matin. {| chere 2: what isoendock| n= (trot cont | O=s 9 [LeaWans) [LEARNING] Learning & Developeent (40s) ""Brave | Mv # 5 sn os-letcoderoie x + temis. (50% | | Bvwietpocesc 12:22 — 12:25"" [LEARUNG] [LEARUDG] Learning & Development (28 25) eave | | monone Ce ctere 2: what is Deadock| Ne (4 toto | , Bowe sass — 130 [Leamne] (Lame Learn & elm (Ls) ereve | jee (ete 2: what is Dead He | Mito condi | Ceeesr|| GE szisa — 12:34"" [LeaRUne) [LEABUING] Learning & Development (1m 155) Chrome | Beene {6 Laptop noutTon | search window tes, | meresamtene | cosy 1 looks like you spent most of your time learning and developing your skis, with a focus on conbinatorics and deadlock concepts. You | mrmicsae |g watched YouTube videos on these topics, Including lessons fram MSO, and explored related problems on LeetCode, You also briefly worked on | Coding exercises, specifically a problem related to deadlock. | Manse Msp tee | Your tine was split mostly between learning and developaent, with about 1 hour and 11 minutes spent on this, and only about 2 minutes | Bm Spent on actual coding. There were no meetings, s0 it mas a’ solo work session. | > meoucoresat) Brower the sequence of activities was a bit choppy, with many context switches between different resources and topics. You'd watch 2 video, then | > moesiwecast| rnan.ndet Quickly switch to a coding exercise, and then jump back to learning again. This might have made it hard to dive deep into any one topic. | > ema Wrcrowe one thing that stands out 1s that you seemed to struggle to stay focused on coding, with most of your tine spent on learning and watching | videos. This might Indicate that you're still building your foundation in these areas, which Is totally fine. | o Mey andn FOF YOUF next session, try LO set aside a dedicated block of tine for coding, without any distractions or context suitches. This will help | Domes, WIECH M22ewnces st uy | v mmr a | ae 20526500 pete awe"
2026-06-14T21:03:43,work_summary.txt - Notepad,1 tos moneing x + | © > © O> THePC > Windows (G) > taptop montatng > Seer gt montng a | Onn % © @ me a 9 x eee | ; = Be 6 meine; teint ssttsl patie Pa,"1 tos moneing x + | © > © O> THePC > Windows (G) > taptop montatng > Seer gt montng a | Onn % © @ me a 9 x eee | ; = Be 6 meine; teint ssttsl patie Padi Poste kmpatiine sant (wa wom b+ | . F eaaog FA Et ew We ey BTS Oo @ ® | et 12:22 ~ 12:22 [Lea] [LEAWiNG] Learning & Development (aos) brave a | Wires 4 Matin sme (55 sn o5-LetcodePote x + Hweanis (50 x | | eu Bt sina — 12:25"" [Leautne) [Leama] Learning Developeent (2825) Brave | 5 Te ceere 2: hat Is Deak] he (4 toto | Bien 9) BO 12:30 ~ 12:30 [Leatmne} [LEAMAING] Learning & Development (105) Brave | Brean pecese (ete 2: shat Is Deadock| Me | Mto Conbt | | moon x22 — 12:34. [Leawne} [Leatuto] Learning & Developaent (18355) chrone | to] Be Se Laptop mourn | Search window ties, h | . s, | Mom Fe 1ooks like you epent mst oF your tine learning and developing your skills, with a focus on coninatorics and deadlock concepts. You | oom | Bog watched YouTube videos on these tops, including Lessons frow #50, and explored elated problems on LeetCode. You also briefly worked on | creme | Coding exercises, specifically a problem related to deadlock. | merecictcase |g Your tine was split mostly between Learning and development, with about 1 hour and 11 minutes spent on this, and only about 2 minutes | : ‘setoes penton actual coding. There were ho meetings, 50 1 was a SOLO wrk sessfon- | ator | upon en | ‘he sequence of activities was a bit choppy, with many context sultches between different resources and topics. You'd watch a video, then | ane ‘uickly suitch to a coding exercise, and then jimp Back to learning again. This wight have made it hard to dive deep into any one topic: | > Mamenresar ||| Mme ‘one thing that stands out is that you seemed to struggle to stay focused on coding, with most of your time spent on learning and watching | > mcwsvecss| pinay cer videos, THs might indicate that you're still bung your foundation in these areas, which 1s tally fine” | > mon (Drcsome For your next session, try to set aside a dedicated block of time for coding, without any distractions or context switches. This will help | 5 you make progress on Sct problems and exercises, and reinforce your learning. | > @onoine sont | mscwp ont | POETS Denencrse, URES 728 ence painter Wino mun ura | mire Can | ee eee 2asamsisao fe aa | Broewnnay posamster7 —_YetDoaent se | A Oo SUD nome"
2026-06-14T21:03:45,laptop monitering - File Explorer,boo menteing x | © 5% © (> THRE > Wedom te) > top meting > Sat ep erg a | ww % O @Q@ @ OB Wson-~ BVew- ve Oo | ‘Lvowicess # | Mame . ate moses Type ee,"boo menteing x | © 5% © (> THRE > Wedom te) > top meting > Sat ep erg a | ww % O @Q@ @ OB Wson-~ BVew- ve Oo | ‘Lvowicess # | Mame . ate moses Type ee | Bevan # Macey esate — Mmenedco.—88e8 | eons | Sone eeaatiee owned. eb | eu. |i raeeamied —omnecte 78 | : * Bopp tauncher 12-06-2026 1715, ‘Python File (no co 18K | an Baer peariernt | enone —_ eeeaatien nominate 78 | Ley WE ceanjog 13-06-2026 1711 “Microsoft Excel Co.- omKs | CIS Bi ccaner 12-06-2026 1812 ‘Python Source File or | al B contig. 12-06-2026 1812 ‘Python Source File 3K8 | teeicsens? | ono eens emia $08 | Basse ME Laptop Monitor 12-06-2026 1715, Weedows Baton File 1K8 | Bon eeeaciied —pomimate 38 | > mevmonsat| Rimmer pean — ontrack | > moweecnat|| pie mie a fst oD | > pac Braue Cer eee | 3f Qe Ca Ete | io Bem crs con | ae B sure nacre Car GSE oD | Sg! Bao raeeased —pomnete eb | BB 5104. modet pt 21-05-2006 1500 PKL File 388 | 2 Stereo! [Dvokmmay BRR RTT Tonnes] | ZFQog@Go0evPomedaGCeravs 200 eHO ie"
2026-06-14T21:03:51,,"me regen | Monge! oy | sumxcr Noi, | «mucin, venents! astrp! prc Pet Po Product Pro apart (use astaat work X worksimm | Fle Edt View Wess prs eae | 12","me regen | Monge! oy | sumxcr Noi, | «mucin, venents! astrp! prc Pet Po Product Pro apart (use astaat work X worksimm | Fle Edt View Wess prs eae | 12:22 ~ 12:22 [Leanume} [LeaWNG] Learning & Development (aos) brave | 15 sn 05-Letcoderote x + inweanis (50 X | | 12:22 — 12:25"" [LEARNING] [LEARUING] Learning & Development (3m 25) Brave | \—(e (tere 2: hat 1s Deadock| We (4 toto | 12:30 ~ 12:30 [LEARIING] [LEAWING] Learning & Development (10s) Brave | (ete 2: what is Deadock| me | Mito conbi | 12:32 — 12:34 [LEARUNG) [LEARUING] Learning & Development (1m 155) Chrome | 56 Laptop noutton | search window thes, hy | Tt looks like you spent most of your tine learning and developing your skills, with a focus on combinatorics and deadlock concepts. You | watched YouTube videos on these topics, including. lessons from MSO, and explored related problems on LeetCode. You also briefly worked on | Coding exercises, specifically a problem related to deadlock. | Your tine was split mostly between Learning and development, with about 1 hour and 11 minutes spent on this, and only about 2 minutes | Spent on actual coding. There were no meetings, so it was a solo work session. | The sequence of activities mas a bit choppy, with many context switches between different resources and topics. You'd watch a video, then | ‘quickly switch to a coding exercise, and then jump back to learning again. This might have made it hard to dive deep into any one topic. | (ne thing that stands out is that you seemed to struggle to stay focused on coding, with most of your time spent on learning and watching, | videos. This might indicate that you're still building your foundation in these areas, which is totally Fine. | For your next session, try to set aside 2 dedicated block of time for coding, without any distractions or context switches. This will help | you make progress on actual problems and exercises, and reinforce your learning. | wos8.cae oy | 09 NB eaw"
2026-06-14T21:03:52,work_summary.txt - Notepad,"1 botoe entering x + | « 4% © D> TWisPC > Windows (C) > laptop monterng > Sere lptop moniteing a | One % © — ++ - gy Pein | ; ~ 4 MULE, Deiat aig — pa","1 botoe entering x + | « 4% © D> TWisPC > Windows (C) > laptop monterng > Sere lptop moniteing a | One % © — ++ - gy Pein | ; ~ 4 MULE, Deiat aig — pa Post Pr Prodi Fo Import astat we XC) worksimm b+ | nn Fle eae My ey BTS 0 BYR | 12:00 — 12:40” [Lewis] [EARNING] Learning 8 Development (2m 475) chrone | Brae + ‘7X Unsbleto generate te-cass | @ cle n | use + 12:10 — 12:15 [LeawuNa) [LEARING] Learning & Development (an 165) Brave | 0 ontccre 2: what Ledessocel ns A A nrok | Wivien + 12:15 — 12:15 [coomNs) [COOING] Coding (21s) Brave | 1 tect 2 what 1s Deadock| He (4 tro to | | monone 42:15 — 12:16 [LEARNING] [LEAMUTNG] Learning & Development (44s) Brave | Cen 6 — Texecure 2 hat 15 Deadock| he (4 toto | oy 12:16 — 12:16 [coors] [CoOING] Coding (12s) Brave | te ace monte | here 2: shat dsdendock| He (trot cont | [Leawuno} [Leathe] Learning & Development (4m 375) Quick settings [be] | ma 252025000 22 — 12:22 [LEARNING] [LEAKING] Learning & Developeent (40s) Brave | 15 sn 05-letcoderote x + inweanis (50 % | | 12:22 — 12:25"" [LEARNING] [LEARUING] Learning & Development (3m 25) Brave | (Ge (tere 2: that 15 Deadock| We (4 toto | 30 — 12:30 [LEARUING] [LEARIING] Learning & Development (105) Brave | (ete 2: what 1s Deadock| me | Mito conbi | 12:32 — 12:34"" [LEARUNG) [LEARUING] Learning & Development (1m 155) Chrome | 56 Laptop noutton | search window thes, hy | > Imcesvecavss| fpiman.duset Tt Looks Like you spent most of your time learning and developing your skills, with a focus on combinatorics and deadlock concepts. You | Drcaove Watched YouTube videos on these topics, including. lessons from MSO, and explored related problems on LeetCode. You also briefly worked on | > mica Coding exercises, specifically a problem related to deadlock. | ace cond es | Your tine was split nostly between learning and development, with about 1 hour and 11 minutes spent on this, and only about 2 minutes | sexo mes ec! poe | 2) (sa cate 47282 chance Pn ot 0% Window unre | Bswrerasn. Et ca | v mmsrc : | se Bsc noseins zrosamsrson rie noe | Bi von sunny 1306520061817 Tet Document ery | rans | them selec $0318 | as"
2026-06-14T21:03:54,work_summary.txt - Notepad,"1 botoe entering x + | « 4% © D> TWisPC > Windows (C) > laptop monterng > Sere lptop moniteing a | One % © ® — ++ - gy Pein | 7 aC 4 MULE, Deiat aig —","1 botoe entering x + | « 4% © D> TWisPC > Windows (C) > laptop monterng > Sere lptop moniteing a | One % © ® — ++ - gy Pein | 7 aC 4 MULE, Deiat aig — pa Post Pr Prodi Fo Import astat we XC) worksimm b+ | . Fle edt View Wy mY BTS © B® | Oesan5 2 ‘10:44 — 10:45 [LEARNING] [LEARUING) Learning & Development (115) File explorer | Cres 6 0.0.08 sn sver- | 00 preire) | teveanne | 46 — 11:07 [LEARING] [LEARNING] Learning & Development (208 405) chrose | use + Sse nkcemint | = 9 x | € > 0.5 youtubecon | 41:07 ~ 1110"" [LEAWUNG] [LEAWING] Learning & Developeent (2m 46s) chrome | | Wien + V0 comesonsfromso. Ax + Hhkenisi Xx | - 5 11 — 111 [LeARUNG] [LEARNING] Learning & Development (385) eave | ED Lecture ai: what is Deadlock | necessary | Bain + suit = 1:11 [eooine] [Coomé] coding (158) Brave | =~ Gyouluben ‘combinatorics Teetcode x Q | icp monte sus — 1116"" [LEAWUNG] [LEAWING] Learning & Developeent (4 15) chrome | 0 comtesoa rom WD. Ox + Phikemins x | = | te 25 2028004 susie ~ 1117 [Learn] [LEAWING] Learning & Developeent (3m 225) chrome | meroicnonse by + crate 6"" | olise knows; Richarison | 17 « 11:18 [Lesttno] [LEAWING] Learning & Developrent (265) Quick settings [be] | me sso 18 — 11:22 [LEAWING] [LEARUING] Learning & Development (2m 595) Chose | 0 comesonsfromso. Ax + HkGemisi Xx | saias — 11:26 [co0mNe} [CODING] coding (1m 35) Brave | soe 81) = youbeconfenitteoch auryconbine | > meomorsst 11:26 ~ 11:90 [Lean] [LEAWING] Learning & Developeent (2m 20s) brave | > Oeen| Cee 2 5 deadock [6 Pitot Combinatorics) + | 11:30 ~ 11:30"" [LEARUNG} [LEAWNG] Learning & Developrent (235) chose | > ema Brcxome “CE. opt mentor een 9x 160 lon oh | 1u:3e ~ 11:90 (LeATun} [LEARUING] Learning & Developaent (285) chose | > @onive FB cont 10) unatieto generate tee x | (Ba notced | se. sep. andyn 11:32 — 12:35 “TLEARIING] TLEARITNGT Learnine & Develoosent (im 448). chrone | a coon Bowen tnsaesiom 2:2eancen Pinte 1 Windows RL ue | Oss ttt 20526500 pete awe | 27m | em secs 503% | as"
2026-06-14T21:03:55,work_summary.txt - Notepad,1 botoe entering x + | « © D> TWePC > Windows (C) > loptop montrng > Search top monitesing a | Onn % © ® — ++ ~ oo x eee | ; = Be 6 meine; teint sstts,"1 botoe entering x + | « © D> TWePC > Windows (C) > loptop montrng > Search top monitesing a | Onn % © ® — ++ ~ oo x eee | ; = Be 6 meine; teint ssttsl patie Padi Poste kmpatiine sant (wa wom b+ | omnes # acing SE an pm mn ON pt we oe Sat an ny te ee wg am es © | = 7 “oitng sis, iTS great at you're Learning now concep, but i0°S aso inportant to oppiy tom to real prabieas. | On. 3 or your next session, 1°d suggest setting aside a dedicated block of tine to work on a specific coding problen, like a Leetcode | challenge. ‘try to minimize context switches and stay focused on the problem at hand. This will help you build your coding miscles and | | a 5 reinforce the concepts you've been learning | © 2026-06-19 1236 | 18:40 > 23K | 25 sessions | Bain + {Testy Learning & Developacnt? ih tim | [Coon] Coding: 1m 5s | tcp monte scravery vaneune | we 18:40 ~ 18:40 [LEARNING] [LEAWUING] Learning & Development (35) chrome | = @ Laptop nouttoR | search window ties, | "" [LEAWUING] [LEARUING) Learning & Development (15h 49m) Laptop Monitor (bs) | 30 — 10:31 [LEARUING} [LEARIING] Learning & Development (295) Chrome | 0 Com Lenny Pep Guatic OX + | Phkcenink | 20:31 — 10:31 [LEARING] [LEARUING] Learning & Development (6s) File Explorer | > @® » WLsPC > Windows) > laptop monte | 10:31 ~ 10:31 [LEANING] [LEAWING] Learning & Development (7s) chrove | > mene coust| MM prmay.buset 10:31 — 10:32 [LEARNING] [LEARNING] Learning & Development (1m 14s) Chrome | . on teny Pep emi x + oli6n) ~ 0 x | © | > Be mccn exo 10:32 — 10:35 [LEARNG] [LEARUING] Learning & Development (2m 415) Chrome | BO cond es | sexo mes | 2) come 12sec 10% Windows unre | a Oat oe a eau | Ewan sre reoeamsiet2 _Pyoansouce ile a | Oss ttt zrosamsrson rie noe | DS Neneure i vorksunnny 1306520061817 Tet Document ery | rans | them selec $0318 | as"
2026-06-14T21:03:56,work_summary.txt - Notepad,1 tos moneing x + | © 5 © D> TPC > Windows(C) > laptop monitring > Search ptop moiteing | ; ~ Bo smucunas votents astep! pace Pott Po Pott Po Snpetuee,"1 tos moneing x + | © 5 © D> TPC > Windows(C) > laptop monitring > Search ptop moiteing | ; ~ Bo smucunas votents astep! pace Pott Po Pott Po Snpetuee asttt wok X were + | O Q Fle Edt View My ey BTS 0 BYR | rcs # 1 Looks Like you spent most of your tine Learning and developing your skills, with a focus on combinatorics and deadlock handling. You | Que + Bowver watched several Youtube videos on these topics, including lessons fron M0 and a lecture on deadlock. You also briefly worked on 8 | 5 eetcode problen, tut your coding sessions were quite short, totaling only about 2 minites, | ven + | ut procese, YOU tine was split mostly between Learning and development, with about 51 minutes spent on this, and just a few minutes spent coding. | monone There were no meetings, 50 you had 2 pretty focused block of tine to work on Your skills. | Doster + 1 notice that you had a few context switches, jumping between different YouTube videos and briefly opening File Explorer. However, you | : FBccnioo aso had some Tonger focused blocks, like the 20-minute session where you watched a video on combinatorics. | Bccwe one thing that stands out to we is that you might be spending 2 bit too mich time watching videos and not enough time practicing your | meescione | ong coding Skills, 115 great that you're learning new concepts, but it's also important to apply then to real problems, | Memicsons® | Massoous For your next session, I'd suggest setting aside a dedicated block of tine to work on a specific coding problen, like 2 Leetcode | meena muvtopvone Challenge. Try to minimize context switches and stay focused on the problen at hand. This will help you build your coding muscles and | reinforce the concepts you've been learning | > mmcoucorsst| Bi nomor (© 2026-06-13 12336 | W340 > 12334 | 25 sessions | 5 meceaneconss | Mpimay mcr (HEADING) Learning & Developeent: 1h an | [COOING] Coding: 1m 5s | > ema Brcsove erivnry ramet ane | 18:40 [LEAWUING] [LEARUING] Learning & Development (5s) chrone | Se. cn nc (6 Laptop wowTOR | Search window thes, h | o Rico andsye —-WE® sesstessteeteress 10:30 (LEADING) (LEACHING Learning & Development (25h 49m) Laptop Monitor (be) | DOR tnsaesiom 02S2emnce Pinto 18 Windows EU ue | ae 20526500 pete awe"
2026-06-14T21:04:08,work_summary.txt - Notepad,"1 botoe entering x + | « 4% D> THiePC > Windows’) > lptop monteing > Search laptop monitrng a | Onw- X © ye - eee | ; = Be ¢ smcine, tetinsh astesl pa","1 botoe entering x + | « 4% D> THiePC > Windows’) > lptop monteing > Search laptop monitrng a | Onw- X © ye - eee | ; = Be ¢ smcine, tetinsh astesl paca Peat Po Pott he inpetne’ asurnt we X worm + | : <prsee- | Wi doamens # — Rloaivisoo Feet _ View un | = | | mewn ‘There were no meetings, so you had a pretty focused block of | Bansjor ‘Knot ice that you had a feu context switches, jumping between different YouTube videos and briefly opening File Explorer. However, you | ‘also had some Tonger focused blocks, Like the 20-minute session where you watched a video on conblnatories. | | ime fo work on your skills. | aes ‘ne thing that stands out to we is that you might be spending a bit too much tine watching videos and not enough tine practicing your | moncone # ‘PROC Coding Skills. It's great that you're learning new concepts, but it's also inportant to apply them to real problems. | Bewue | * ‘or your next session, I'd suggest setting aside a dedicated block of time to work on a specific coding problem, Like a Leetcode | Wicotey, | Fcearog challenge. Try to minimize context switches and stay Focused on the problem at hand. This will help you build your coding muscles and | misccpmente |p reinforce the concepts you've been learning. | mrscine | og | Wopisnse || eo (© 2026-06-13 12:36 | 18:40 -> 12:34 | 25 sessions | Bcssncas Cearwnc] Learning & Development: th tim | [CODING] Coding: tm 54s | toma noe Mvp omer | Bron 18:40 ~ 18:40 [LEAWUING] [LEARING] Learning & Development (5s) chrone | = @ Laptop nouttoR | search window ties, | [LEAWUING] [LEARUING) Learning & Development (15h 49m) Laptop Monitor (bs) | 9:30 — 10:31 [LEARNING] [LEARNING] Learning & Development (295) chrone | > mn cistvecoudt| Aina uce Oe: (ee ee | ren BD rcxowe = 20:31 [LEARNING] ie doing #bevtoment (6s) File Explorer | 10 > @ > wisPe > Windows) > laptop monte | > @ombive Bim 1 — 30:31 [LEARIING] [LEARNING] Learning & Developeent (7s) chrome | Bheevp ann (0 onen atoo Giaie x + | > 5 voxtubecona. | > CED sere | twsa.cals08 7252ceeen Pinte 10% Windows CRN urs | v mmsrc ne | 5 Sime a9 reoeamsiet2 _Pyoansouce ile . | Bsc noseins zrosamsrson rie noe | DS Neneure i vorksunnny 1306520061817 Tet Document ery"
2026-06-14T21:04:19,laptop monitering - File Explorer,tm eetp monterng a | © © D> TWP > Windows (C) > lptop montring > ‘Seach gto montring a | tm % O @ CO Msn vee oo pnee | L dowicats # | Name ° owemeied ,tm eetp monterng a | © © D> TWP > Windows (C) > lptop montring > ‘Seach gto montring a | tm % O @ CO Msn vee oo pnee | L dowicats # | Name ° owemeied [pe ES | Hoccmnns # — Racinon osm 1108 Miso alco. 15D | Breas ¢ Mzcwysinene esas RSH Miso eGo. 1 | Mv # eos2ms 1s onfienoco. 1K | Boer 81 mene osams Ti) Miso bxelco.—7K8 | mcs sae Wi vot p Marae 20620615 WinlomBnaie 18 | > mconcorsss| — Bnonor osams iro owasneie 198 | > mcs const | Arima net o6am6 HS Mico eGo. 18 | > Or Bi rcsoue 20606 16 MaownSewce 78 | pOETD cont oat esas Rsk — Mico eGo. 38 | 5» monone Msco mean 20620615 Winlom Bae 6D | a singe nes ses0ne 0636 735 adowmseuce 3B | et Resins 21052061500 Pa ie aae | [Mroksmney ams ret7_tentoamen | 20am | hem socd 503%8 | a | ZFQoGg@Go0ePomesGCReravs Oo HO tte
2026-06-14T21:04:20,laptop monitering - File Explorer,"> TWePC > Windows’) > laptop monteing > | cater, | te arp monte | me ams 2260 | te roca? | > @onive | > @onoive | v mmsrc | > wnowe | > new eased | B ","> TWePC > Windows’) > laptop monteing > | cater, | te arp monte | me ams 2260 | te roca? | > @onive | > @onoive | v mmsrc | > wnowe | > new eased | B ewearsie | FB sav.co | Foor meine | Bevan | tester | Beene | B casecas | Mi tep Mentor | FB pinay poet | BD rcxove | PB secondo at | Micon ann | ZFQoGg@Go0ePomesGCReravs | Sot ew = | yon Soacefile | Prone co. | yon Soacefie | yon Soa ile | yon Soa fie | yon Soc ie | yon Soc file | ‘Search top monitring a | Oo oH w yell"
2026-06-14T21:04:22,activity_timeline - Excel,A ©) 7 fi) WEARUNG wong & Development | oy cea | ZFQoG@G00P OCmOAGCRBH EVE | gy see | 09 SN caw,A ©) 7 fi) WEARUNG wong & Development | oy cea | ZFQoG@G00P OCmOAGCRBH EVE | gy see | 09 SN caw
2026-06-14T21:04:23,activity_timeline - Excel,eome da GCRraE,eome da GCRraE
2026-06-14T21:04:24,activity_timeline - Excel,No readable content found.,
2026-06-14T21:04:25,activity_timeline - Excel,eomea Cera,eomea Cera
2026-06-14T21:04:26,activity_timeline - Excel,No readable content found.,
2026-06-14T21:04:27,activity_timeline - Excel,"© @ Laptop MONITOR |Search window es highs, OCR tet | uoteshin | Toes WOM | | (etap Monitor | YORE Gite | 0 Ye pte Costs AC °. LAPTOP MONITOR | | {RO ","© @ Laptop MONITOR |Search window es highs, OCR tet | uoteshin | Toes WOM | | (etap Monitor | YORE Gite | 0 Ye pte Costs AC °. LAPTOP MONITOR | | {RO > 55 yout con/uatehve Alien Pasco"
2026-06-14T21:04:44,primary_bucket - Excel,primary bucket,primary bucket
2026-06-14T21:04:46,laptop monitering - File Explorer,boo menteing x | © 5 2 © O> tar | arene) | SD sce | Ome Oe | nd ene | monte | Bey 6] menor | oor] Gots | cesseo|| Ose | mrstanoye | Bowe | manie | Mem,boo menteing x | © 5 2 © O> tar | arene) | SD sce | Ome Oe | nd ene | monte | Bey 6] menor | oor] Gots | cesseo|| Ose | mrstanoye | Bowe | manie | Memes | Rewwe | > menor] Bom | > tm CesbveCouat a | > eon | 2 | > eowone | pinta | © mite Done | EWES) men non | Narerveess | meas | ZFQog@Go0evPomedaGCeravs | > Windows(€) > laptop montaing > | Sot ew = | yon Soacefie | Prone co. | yon Soa ile | yon Soa fie | yon Soc ie | yon Soc file | ‘Search ptop monitering | 09 SN caw
2026-06-14T21:04:49,my & not - OneNote,No readable content found.,
2026-06-14T21:04:51,my & not - OneNote,Ldwibx)| | BAOwOCCOCOMeAOEC RE EOE 00 Fone tte,Ldwibx)| | BAOwOCCOCOMeAOEC RE EOE 00 Fone tte
2026-06-14T21:04:55,my & not - OneNote,No readable content found.,
2026-06-14T21:04:56,my & not - OneNote,OD © marot- omdote @-o«x | ia Home inst Orv Hilo Review View Help aseyncs| EE © | Cum) or —#— ae | Be snout — | ~ 7 apes | nO 9 Meow le,OD © marot- omdote @-o«x | ia Home inst Orv Hilo Review View Help aseyncs| EE © | Cum) or —#— ae | Be snout — | ~ 7 apes | nO 9 Meow le
2026-06-14T21:04:57,Laptop Monitor - Google Chrome,"@ Laptop MONITOR Ado reeshin2s | Tol apres 76 | Search window ties, highlights, OCR tet | Luptop mantering File oer wk smart - Notepad work summary No","@ Laptop MONITOR Ado reeshin2s | Tol apres 76 | Search window ties, highlights, OCR tet | Luptop mantering File oer wk smart - Notepad work summary Notepad | ‘me tegen | Monge oy | sumac No | xmucin vents! boo mentelng x © 5% © (> THRE > Wedom te) > ‘tos mondag x + |© > © O> THePC> Windows (6) | 1 Bote entering x + |©5 GO > TseC> Windows) > | {5p prc Pet Po Product Pro apart use astant workX _topmeting > Sst op erga ww 0. @O@ @ O8 > app montang > Ser gt montng a | Onn % © @ | laptop montering > Search laptop maitg 2 Onn % | worksmm Fle at View Wes es ae | 12 Wson-~ Bowe Oo] iewices # | Mame. ate rme39 x eo; = B 6 meine tents patie Pa (O@enre|8e cue teinsh ste — patente Po | moses ype ce"
2026-06-14T21:05:00,Meet – ojp-exko-fve - Google Chrome,X (Wi Meet-apatohe OK) B Kos Grogan % | © Uptep Mentor xt | PAkGmins Ox | € > SF @© reergeogiecomojp-eto-e Br Of | 2106 | olp-ecko-te ©) Schantenda Ye,X (Wi Meet-apatohe OK) B Kos Grogan % | © Uptep Mentor xt | PAkGmins Ox | € > SF @© reergeogiecomojp-eto-e Br Of | 2106 | olp-ecko-te ©) Schantenda Yeu preening) C==D «- | People x | Q Search for people | You are presenting | * INTHE MEETING. | Tea ete cee yor yee nore | ‘Share just a tab or a different window instead. @. ‘Coneibutors aos | Showy sereenanyway ) (_ Stop presenting 6m © | _Arwesh Sengupt . | 1 Sct ere : | « GY roweswsenana | sao6.amee @
2026-06-14T21:15:33,Meet – ojp-exko-fve - Google Chrome,€ > 6 @ menrscogeconvopr eo ve mr BAG | techarys Q_ Search for pe | Ng IN THE MEETING | screen or browser window. | low instead. obiclneleh) Contribut,€ > 6 @ menrscogeconvopr eo ve mr BAG | techarys Q_ Search for pe | Ng IN THE MEETING | screen or browser window. | low instead. obiclneleh) Contributors | NY 1 IR Your presenta | @ Anwesha Se
2026-06-14T21:15:34,Meet – ojp-exko-fve - Google Chrome,YO cownasroe XE Meet cip-e1ko-te GR) Bares -cwoqcovs % | © Laptop Monitor x oF + Ask Gemini o x | Shubhobrata Bhattacharya Q_ Search | IN THE MEETING ,YO cownasroe XE Meet cip-e1ko-te GR) Bares -cwoqcovs % | © Laptop Monitor x oF + Ask Gemini o x | Shubhobrata Bhattacharya Q_ Search | IN THE MEETING | ser window. | By Contributors | More options for Anwesha #| Soho | Sengupta 1 ‘yy = Meet | ‘Anwesha Sengupta | # Soho | Lm Youre | ¥ 8 Anwe | BQ0G®@00%PCmea | 709 oom Qt e
2026-06-14T21:15:35,Meet – ojp-exko-fve - Google Chrome,"96 © mmecaeconij-eo-e | You are presenting | ‘To avoid an infty miro, dont share your entire screen or browser window. | ‘Share usta tab ora different","96 © mmecaeconij-eo-e | You are presenting | ‘To avoid an infty miro, dont share your entire screen or browser window. | ‘Share usta tab ora different window instead. | 200 eae ult es"
2026-06-14T21:15:37,Meet – ojp-exko-fve - Google Chrome,© covmasrop X (Wi Meet-apatohe OK) B Kos Grogan | © 6@ mmecacae cone | % | © Uptep Mentor xt | Shubhobrata Bhattacharya | BQ2Q0GOG00°8 | meuGGere | Be,© covmasrop X (Wi Meet-apatohe OK) B Kos Grogan | © 6@ mmecacae cone | % | © Uptep Mentor xt | Shubhobrata Bhattacharya | BQ2Q0GOG00°8 | meuGGere | Ber OF: | People | IN THE ME!
2026-06-14T21:15:38,Meet – ojp-exko-fve - Google Chrome,People | Shubhobrata Bhattacharya Q Ss | HQ0B@00%POmMeNGCRLEEVE - | 8S eH yagi,People | Shubhobrata Bhattacharya Q Ss | HQ0B@00%POmMeNGCRLEEVE - | 8S eH yagi
2026-06-14T21:15:39,Meet – ojp-exko-fve - Google Chrome,Y) © cavnassoe XB Meet-apetone — @ XB AM Key croacows % | © Uptep Mentor xt Phkemins OX | © > © © meergoogleconicip-eto-ve Be Bf: | People | IN THE ME,Y) © cavnassoe XB Meet-apetone — @ XB AM Key croacows % | © Uptep Mentor xt Phkemins OX | © > © © meergoogleconicip-eto-ve Be Bf: | People | IN THE MEETING | Contributors | EN FH MD cosas #
2026-06-14T21:15:40,Meet – ojp-exko-fve - Google Chrome,Y) © cavnassoe x | W Wet Gretohe GX) B anres-coqins | @ Laptop Monitor xt Phkemins OX | © > © © meergeodieconvop o-he Sx OF | 2118 | ojp-exko-fve © [Z,"Y) © cavnassoe x | W Wet Gretohe GX) B anres-coqins | @ Laptop Monitor xt Phkemins OX | © > © © meergeodieconvop o-he Sx OF | 2118 | ojp-exko-fve © [Z) SobomMondel (You, presenting) Gzzz «:: | People x | nota atch Q Search fr people | Youre presenting | Te avoid an tity mir dont share your ete screen or browser window. | ‘Shar jst ta oa diferent window instead. ey Contrbutor. a4 | Stowmy screen anyway) (_ Stop presenting | owen sents | CaF RSOOHF | 200 ow tle"
2026-06-14T21:15:44,Meet – ojp-exko-fve - Google Chrome,"XW Meet-apetone — @ XB AM Key croacows % | © Uptep Mentor « | HhkGemisi OX | Se eres mr OA | 2145 | ojp-exko-tve © [i] SchomMondal (You, presenting) [","XW Meet-apetone — @ XB AM Key croacows % | © Uptep Mentor « | HhkGemisi OX | Se eres mr OA | 2145 | ojp-exko-tve © [i] SchomMondal (You, presenting) [sop presenting ED | People x | Q Search for people | A SctemMond tou). | « GY rmenaserann — @ | CF ESCORT a | 200 eae ult es"
2026-06-14T21:15:45,Meet – ojp-exko-fve - Google Chrome,¥) © covmssse X (Wi Metsapetohe OK) B Ake -crogcous % | © Uptep Mentor xt | © > © @ necrspotecomp-ao-he | 2145 | ojp-exko-tve © | Bt Add people | Q Se,¥) © covmssse X (Wi Metsapetohe OK) B Ake -crogcous % | © Uptep Mentor xt | © > © @ necrspotecomp-ao-he | 2145 | ojp-exko-tve © | Bt Add people | Q Search for people | ay Contre da | SchomMendl(eu) | ‘Anwesha Sengupta ‘Soho Mondal
2026-06-14T21:18:43,(56) WhatsApp - Google Chrome,No readable content found.,
2026-06-14T21:18:44,(55) WhatsApp - Google Chrome,¥ © covmcise x @ x | Banees-« x | © pop me xt + Ask Gemini o x | © > © 5 webatatspcom Gr oF | EB whatsApp Subhroto It 6 Project Head O- a: | om ra bos,¥ © covmcise x @ x | Banees-« x | © pop me xt + Ask Gemini o x | © > © 5 webatatspcom Gr oF | EB whatsApp Subhroto It 6 Project Head O- a: | om ra bosch tahole? | Archived 2 fay caso | & B £62827 offal Group ete ingen pace. wewihve acl | GR Electrical Engineers 2023-27 Batch + & | GD ices amar ets aat ote pare | @ ‘Cholo Sohom. Bos jak | @ IGG H.-Y TTA | e _Subhroto lit G Project Head = le | Fon kore ech | @ ‘Ankita Mukeree Nt Ece vintoregecs | fe) ves | ® Bi 0:09 or wndows + Ogrom | HBQ0G@e0°f ome seen | AO 0 NE HD srocanas
2026-06-14T21:18:45,(55) WhatsApp - Google Chrome,+ © cavmasiee Rw et-opetore — @ x | © > © & mebuhatappcom | EB WhatsApp | ‘AL unweads7—Favourtes Groupes = | EE:TnP-Cell Updates Official Group Taresy,"+ © cavmasiee Rw et-opetore — @ x | © > © & mebuhatappcom | EB WhatsApp | ‘AL unweads7—Favourtes Groupes = | EE:TnP-Cell Updates Official Group Taresy | Eswar Bpc Ohires B | OG TARGET HTT ne | Ly Fa: @Comedy En S | ‘2, Subhroto it G Project Head moe | Fjoinkore gechi | ‘Ankita Mukherjee Nit Ece 954 | Mom 25 | © Hest doesit rst some frends 99 ae you | ‘Tennistha Nit Ee 44s | QSicker o | ieee 432 420 | Ce eee | B Wks -croqcond % | © Uptep Mentor | 2 Subhroto it ¢ Project Head | Kal amea bosch tahoe? «o> | ‘Gets things in pace we wil have a cal, | amar ektu raat ohote pare so.) | Chole Sohom Sosa jak. | Join kre gee 3 5 | + Phkemins OX | hay Bi 0. | 55 metgrogecom sax | > | mectze | Vand L | ovare | AO 0 OHM oct"
2026-06-14T21:18:46,(55) WhatsApp - Google Chrome,Unreod 57 Favours Groups 15 | ‘Ankita Mukherjee Nit Ece west | Mom 125 | (© Nesta doesrit rt some friends 99 ae you. | ‘Tannistha Nit Ee 5 | Ostcker °,"Unreod 57 Favours Groups 15 | ‘Ankita Mukherjee Nit Ece west | Mom 125 | (© Nesta doesrit rt some friends 99 ae you. | ‘Tannistha Nit Ee 5 | Ostcker ° | WeEEA3.2 20 | Asha ts been aweck since the meet nds. @) | Mahim eee 1 va | Placement discussion ws0 | ‘~Prateck 20253218 added 491 98965 8521 | hata once | B Wks -croqcond % | © Uptep Mentor | 2 Subhroto tt ¢ Project Head | Kal amea bosch tahoe? «o> | ‘Gets things in pace we wil have a cal, | amar ektu raat ohote pare so.) | hel Sobom. 808k 3 | > deena tin | Join kre gee 3 5 | +O Greeresnee | Phkemins OX | Ge Bim: | hay eas0 | $5 mete con tax | ups Amwesha se... | Sohom Mon.. | <CauR> | 200 eae yale"
2026-06-14T21:18:51,(55) WhatsApp - Google Chrome,+ © cavmasiee Rw et-opetore — @ x | € > 5 webuhasapncom | EB WhatsApp | Unreod 57 Favourtes Groups 15 | EE 23-27 Offical Group eras | ‘Socha Banerjee ,"+ © cavmasiee Rw et-opetore — @ x | € > 5 webuhasapncom | EB WhatsApp | Unreod 57 Favourtes Groups 15 | EE 23-27 Offical Group eras | ‘Socha Banerjee Nit Ex: 8 Tech Project Alou. | Electrical Engineers 2023-27 Batch’ 1247 | ‘Akash: @ Sicker B | [EE:TnP-Cell Updates Official Group Tarsdy | ower Bt hires a | OPT TERE UII ne | Luly Fa: @Comedy TEN | ‘Subhroto lt 6 Project Head me | Joinkore gechi | ‘Ankita Mukherjee Nit Ece vast | Mom 125 | (© Nesta doesrit rt some friends 99 ae you. | BQoG@G0%PCmMPOAGCRBFEVE | B Wks -croqcond % | © Uptep Mentor | 2 Subhroto tt ¢ Project Head | Kal amea bosch tahoe? «o> | ‘Gets things in pace we wil have a cal, | amar ektu raat ohote pare so.) | Chole Sohom Sosa jak. | eel outing + | Join kre gee 3 5 | + @ Greene | Phkemins OX | Ger DIF: | jus) Anwesha Se. Sohom Mon... | <CawR>"
2026-06-14T21:19:02,Meet – ojp-exko-fve,¥ © cameo KW Met-opetome — @ x |B AM Keys-Geoqcous % | @ Uptep Mentor xt + Ak cami x | € > GS webswhatsapp.com: Ger DIF: | B WhatsApp £2 Subhroto ttc ,"¥ © cameo KW Met-opetome — @ x |B AM Keys-Geoqcous % | @ Uptep Mentor xt + Ak cami x | € > GS webswhatsapp.com: Ger DIF: | B WhatsApp £2 Subhroto ttc Project Heed O- a: | @ Q. Search or start a new chat Load | ‘Al Unread 57 Favourites. Groups 15. + ae ee | ‘Sieh Banwiee Mt Ee @BTech Project Alon. + | @ ectrical Engineers 202327 Batch 4% 1247 ‘ets tins in plac, we wi have call | pes Sider 3 | oki re | EE: Hel Upetes Oficial Group ay | 6 sree 7 snes | aSGT ORME = Chl Sta. Bota kw | tu ra coed a | «sito Project Hed = = = | ean | nto ¥V # | 1 ‘ntpsmeet. google com/ojp-exko-fve | @ ween on aa | ed une Jerr, | ‘ttpsiimeet. google, com/ojprexko-tve 29.37 | ‘Mom 1525 <OwR> | = WD Sore cornn ene tne 9050 0 bine aan a | ® PE c= vss or winds + @ Woeamessage N o¢ | ave A Oo ow yl"
2026-06-14T21:20:13,(55) WhatsApp - Google Chrome,+ © cavmasiee x | © > © & mebuhatappcom | ‘AL unwead 57 Favourtes. Groupes = | Sneha Banerte Nt D8 Tech Pret Atm. | @ ectrical Engineers 202327 Batch ,+ © cavmasiee x | © > © & mebuhatappcom | ‘AL unwead 57 Favourtes. Groupes = | Sneha Banerte Nt D8 Tech Pret Atm. | @ ectrical Engineers 202327 Batch 4% 1247 | ash sicker 3 | EE :THP-CellUpdetes Oficial Group hnny | Eswar: Bpcl O hires a | ASU WEES ATA 2048 | LF: @camed En | 42 Subhoto it Project Head me | join kore gechi | ®@ Anka Mukherjee Nt Ece st | 3 (@ best docs ot oe eds 99 rou 9 | © Meet-coetone x |B AMKeys-Groqious « | © stop Montor | 2 Subhroto it ¢ Project Head | Kal amea bosch tahoe? «o> | ‘Gets things in place we will have eal. | amar ektu raat ohote pare so.) | Chole Sohom Sosa jak. | elem in | Join kre gee 3 5 | + @ greereence | hay Si 0. | oki ar | apes gos camepenote | ‘nee gogo | nps:7meet sonal com/ojnerko fe apa7 wr | AOS Hw yl
2026-06-14T21:20:19,my & not - OneNote,1 csernotes,1 csernotes
2026-06-14T21:20:45,Unknown,No readable content found.,
2026-06-14T22:00:46,Windows Default Lock Screen,No readable content found.,
2026-06-14T22:00:55,my & not - OneNote,No readable content found.,
2026-06-14T22:00:57,laptop monitering - File Explorer,botoe entering | 4 dowmonse | Bi doamens + | Bree + | v mmsrc | > wnowe | > new eased | © 0 > mre | Neon % Oo ae | tester | Beene | B casecas | Mop Me,botoe entering | 4 dowmonse | Bi doamens + | Bree + | v mmsrc | > wnowe | > new eased | © 0 > mre | Neon % Oo ae | tester | Beene | B casecas | Mop Mentor | FB pinay poet | BD rcxove | > Windows(€) > laptop montaing > | Sot ew = | yon Soacefie | Prone co. | yon Soa ile | yon Soa fie | yon Soc ie | yon Soc file | ‘Search top monitring a | 20 cam 226
2026-06-14T22:01:02,laptop monitering - File Explorer,botoe entering x + : | « GD > TiePC > Windows(C) > lptop monteing > Search laptop monitrng Ey) | Om % © ® DN sote Vee owe Oo | Dowioeds # Ome motes Te,botoe entering x + : | « GD > TiePC > Windows(C) > lptop monteing > Search laptop monitrng Ey) | Om % © ® DN sote Vee owe Oo | Dowioeds # Ome motes Te ES | Bi doamens # 0261020 leo : | Bre ¢ Meso rros2msient leo . | 2 Mee rropamsiet2 efor | | Meena 05261700 leo | y| mew rosamsie20 whe 10 | T | Bevecaole cmosamsiss! OAMRLEFae 18 | MB scivy.09 052061790 Meso alco 15858 | Seceorsat? | sayin TO5R IES Moen ele | CED 026182 AybonSewc ie 18 | 1205261715 FybonFie voce. 18K | 05261024 FybonSewceile SA | 12052061812 AyonSowce ile 18 | > mcomcorss24 Poszmsmat Meso alco. 78 | > I ceatve oust 12052061812 AYbonSowcefle 4K | > Be mccn oz te FybonSewce ile ae | DOEs 13.0521 1025_Aybonsouce ie 0 | > CesiD Reems Wes ee pinay pucet bead city Jog al ctv ating - Excl | Some 12052061812 AyonSowce ile ce Snail ones | Bree reoszmsr7se —Owaaaetie | > wnowe
2026-06-14T22:01:03,laptop monitering - File Explorer,1 top moneing > ; | © 5 © D> TPC > Windows(C) > laptop montring > ‘Search aptopmonitesing a | % oO @ eB heme Sve oe OD Pree | bomen 0 . owemesies Tne ,1 top moneing > ; | © 5 © D> TPC > Windows(C) > laptop montring > ‘Search aptopmonitesing a | % oO @ eB heme Sve oe OD Pree | bomen 0 . owemesies Tne see ; | Bocce # os2ms1030 fetter f | Brews + eosamsieit fetal | Om 6 Reosamsie2 fetter | fen 3 eosamstse ete | eA teosamsie —ewvfie 10 | Ces 2 oD Gee | marian? | Bawpione 12062061715 PYbonFetnoco 18K | Manse Bese pcs owamsient —pyonSoucefle SA | Bosnee 205261812 AYbonSowcefle TK | > mcomcores231| Rcenico Poszmsmat Meso alco. 78 | > tmceave cout |B dower 12052061812 AYbonSowcefle 4K | > mca Boog owas 1812 yonsoucele 3b | > OETD B casecas 130521251025 PybonSowcefile 9K | sae Mi tep Mentor 120520261735 Wenows Baten fle 11 | mune Bron reopamsrei2 —Pyonsoucefle 310 | yewame | Be ros2m61790—aasaetie 98K | > erenvewnes pm rcaoue 2O62M61736 — Matdomsouce 748
2026-06-14T22:01:06,Laptop Monitor,"1 botoe entering x + | © > © (09 TRE > Wane) > cymes > =e a, | © New x oO () A Sot View Preview” | Wi vvcanens # — B_prac ‘sosamei030 nig LAPTOP MONIT","1 botoe entering x + | © > © (09 TRE > Wane) > cymes > =e a, | © New x oO () A Sot View Preview” | Wi vvcanens # — B_prac ‘sosamei030 nig LAPTOP MONITOR onmeig ; | @ mcg reocameien rj *ORAPKey Sore Key Get ates key ~ conolegroqcom | > Bm Creative Coust |B ceaner 12.06.2026 1812 1) Drecesser) wane write failed (File locked): [Kero 13} Permission dened | > @omre Bi cxsoert 13-06-2026 1026 OD pesado maaravamanewes | uy aoe | Seng | Bam vemne 0 | Bone enmams | 27 hems | Vine selected 13:1 KB | as | BQoge@o0P OCmAdGCGCBRBreN 7 ON FM soc tes"
2026-06-23T03:58:01,Laptop Monitor,Save Key Getaftee ey ~ conse grogcom | © pen stboars | HQA20G@®00%006 | 70 cam | zoctms ©,Save Key Getaftee ey ~ conse grogcom | © pen stboars | HQA20G@®00%006 | 70 cam | zoctms ©
2026-06-23T03:58:03,Laptop Monitor - Google Chrome,"‘ocropim: x | DeepsvOD) x | © GnvmaLr: | @ Laptop MONITOR ‘Adeckehin Ss | Tol pres | Search window ties, highlights, OCR tet | ZQUoGS@GO0PomedCGGCHF e","‘ocropim: x | DeepsvOD) x | © GnvmaLr: | @ Laptop MONITOR ‘Adeckehin Ss | Tol pres | Search window ties, highlights, OCR tet | ZQUoGS@GO0PomedCGGCHF eB +0 ove, ee"
2026-06-23T03:58:04,Laptop Monitor - Google Chrome,"@ Laptop MONITOR | Search window ties, highlights, OCR tet | 1 Bote entrng x + © > © 09 TRE > Wane) > | ‘mes > = | © New x00 0A Sot View review | | (D","@ Laptop MONITOR | Search window ties, highlights, OCR tet | 1 Bote entrng x + © > © 09 TRE > Wane) > | ‘mes > = | © New x00 0A Sot View review | | (D) eax-ter x | om cntopis ye % | @ Home-can % | HF BySOHOM x | GB ocRoptm: x | deepsIOO” x | © GNA: x | luptop mantering Fle oer | 1 ep moneing >| ©5 © D> TPC > Windows) > | laptop menting > Search aptopmonitsing 3] % 00 | {@ 8 heme Sve. 00 Pree | bomen 0. owemeses | laptop motrin Fe poe | bot entrng x +: «GD > TPC > Windows) > | Iptopmontsing > Search laptop monitg )) [Om % | © © DN sote Ve owe 00 [ Dowioeds # Ome motes | lapop manteng Fle pore | botoe entering | 4 dowmonse | doumens + Bee + | [vmmarc|> wnowe [> new esed| © 0> mre | ""Neon % 00 | tester | Bene | 8 cascas| Mop Me | ZQoge@o0vPome dC GGraes AO Om nee"
2026-06-23T03:58:05,Laptop Monitor - Google Chrome,Y) > maax-tee x | me )Tops Yo: x | @ Home-cam x | HB BySOHOMN. Xx | GB OCROptm: x | DeepsvED x | © wnwnaty x [B)iapophonl| ¥) + Phkemins OX | € > SO e,"Y) > maax-tee x | me )Tops Yo: x | @ Home-cam x | HB BySOHOMN. Xx | GB OCROptm: x | DeepsvED x | © wnwnaty x [B)iapophonl| ¥) + Phkemins OX | € > SO eathosts000 Bx ODF: | @ Laptop MONITOR itech ins | Tet cps 19781 | Laptop Monitor luptop mantering Fle oer laptop motrin Fe poe lapop manteng Fle pore | 1 Bote entrng x + © > © (09 TRE > Wane) > 1 ep moneing >| ©5 © D> TPC > Windows) > ote entering x +|«GD> eFC > WindowsC)> __botoe entering | 4 dowmonse |i doamens + | ree + | ‘omes> ea [© Newx00 O/ASot View Prevew""| laptop monting > Sec ptopmenitsing 9 %.00 plop montsing > Search laptop mong fy) [Om % | vmmrc| > wnawe |> new ezed | © 0 > me | | {@ 8 heme Sve. 00 Pree | bomen 0. owemeses © © DNsote Vee owe O0| Dowonds #Omemetes Neon Oo ae [tester | Beene 8 cazacas| Mop Me | ihe te | 2 ON Fm soc teas #"
2026-06-23T03:58:08,Snipping Tool Overlay,©) AGRE) © cts. «| @ Home-can | MR eysoHIOM x | @ acRomms x | H DespswOO” x | © enwnarss x (BI taptpMenl =) + | € > SO eathosts000 | @ Laptop MONITOR ,"©) AGRE) © cts. «| @ Home-can | MR eysoHIOM x | @ acRomms x | H DespswOO” x | © enwnarss x (BI taptpMenl =) + | € > SO eathosts000 | @ Laptop MONITOR | Phkemins OX | Bx ODF: | ores in Os | Tet ape: 1785 | Search window tiles, highlights, OCR tex | Laptop Montor- Google Come Laptop Moir - Google Crome Laptop Monitor - Google home laptop Monitor | 1) > mance] me ops ¥e:x1@ Home-cam x|H8 © Laptop MONITOR |Search window tis highs, “oop x| Deeps¥O0) x] © Gowmal| @ Laptop ‘Save Key Getafe ey ~ conse aogcom |© pen | ‘ySOHOMN. | G8 OCROptm: x] DeapsxeD | © (OcRtet| 1 Bote enrngx + © > © 09 TRE> Wane)> | MONITOR’Adeckein ST pres |Search window toss [HOAZ0G@ ©00%006 70 cam | ztms © | ‘wrunatyxBispophon Pein OX|€>SO.e ‘mas > =| © New x00 0A Sot View eve (> tis highlights, OCR tet | ZQoge@o00Pomed eC GGraes"
2026-06-23T03:58:09,Snipping Tool Overlay,© > © © becatnoss000 | Laptop MONITOR | Laptop Motor Google rome | 1) > mane tee | me ops ¥:x1@ Home com x] 8 | ‘ySOHOMN: Xx] G8 OCROptm: x] DeepsxeD ,"© > © © becatnoss000 | Laptop MONITOR | Laptop Motor Google rome | 1) > mane tee | me ops ¥:x1@ Home com x] 8 | ‘ySOHOMN: Xx] G8 OCROptm: x] DeepsxeD | © | wrmnaty x (Biapophol + Phang OX |€ > SO.e | Y) CGR) & crops ve. x | © Home-cam x | BysoHOMN. x | Luptop Monor- Google Crome | { Laptop MONITOR |Search window tes highlights | (OcRet| 1 Bote enrngx + © > © 09 TRE> Wane) > | | ‘mes > =| © New x00 OA Sot View review |1(0 | O20 < kl load” | Phkemins x | Laptop Mentor Google home Laptop Monitor | “crop: x|Deep00)x| © Gavmat|@ Laptop ‘Save Key Getafe ey ~ conse gogcam |© pen | [MONITOR Adeckein So pres |Search window boar | HQAZ0G@ ©0006 70 cam | zotms © | tis highlights, OCR tet | Za0GS@6OOPEMeSKGGOHF @ | FH sso6m00 #"
2026-06-23T03:58:10,Snipping Tool Overlay,"8) LarroP MontToR | ch window tes, ighights, OCR te. | rtp Monitor Googe Qvone Laptop Monitor - Google Chrome Laptop Mentor Google home | |)> mance | ","8) LarroP MontToR | ch window tes, ighights, OCR te. | rtp Monitor Googe Qvone Laptop Monitor - Google Chrome Laptop Mentor Google home | |)> mance | me ops ex] @ Home-cam x|H8_@ Laptop MONITOR |Seorch window ts highlight __“ocopimx| Deeps¥00) x] © Gowmal|@ Laptop | |YSOHOMN. x | GB OcROpE x DeeperD x1 cnt] tlnntna x= © ©09TRE> vir >|_— MORTON Recipes seach dow | ""$ownatyxBpapophon| Pkamins Ok €> SOe J© New 2004S ew ev ties highghs, OCR et"
2026-06-23T03:58:12,Laptop Monitor - Google Chrome,Y) > maax-tee x | me )Tops Yo: x | @ Home-cam x | HB BySOHOMN. Xx | GB OCROptm: x | DeepsvED x | © wnwnaty x [B)iapophonl| ¥) + Phkemins OX | € > SO e,"Y) > maax-tee x | me )Tops Yo: x | @ Home-cam x | HB BySOHOMN. Xx | GB OCROptm: x | DeepsvED x | © wnwnaty x [B)iapophonl| ¥) + Phkemins OX | € > SO eathosts000 Bx ODF: | @ Laptop MONITOR Athens | Tt cptres 008 | Laptop Montor- Google Come Laptop Moir - Google Crome Laptop Monitor - Google home laptop Monitor | 1) > mance] me ops ¥e:x1@ Home-cam x|H8 © Laptop MONITOR |Search window tis highs, “oop x| Deeps¥O0) x] © Gowmal| @ Laptop ‘Save Key Getafe ey ~ conse aogcom |© pen | ‘ySOHOMN. | G8 OCROptm: x] DeapsxeD | © (OcRtet| 1 Bote enrngx + © > © 09 TRE> Wane)> | MONITOR’Adeckein ST pres |Search window toss [HOAZ0G@ ©00%006 70 cam | ztms © | ‘wrunatyxBispophon Pein OX|€>SO.e ‘mas > =| © New x00 0A Sot View eve (> tis highlights, OCR tet | ZEQ0G@GOCPCOmMHOACECHFEBQ +-O% eve ,.Ue"
2026-06-23T03:58:13,Laptop Monitor - Google Chrome,"F MudX-Ler X | WR (Topi YE: X | @ Hiome-can x | HB BySOHOMY x | | @ Laptop MONITOR | Search window ties, highlights, OCR tet | ‘siping ook vey | ‘Moto","F MudX-Ler X | WR (Topi YE: X | @ Hiome-can x | HB BySOHOMY x | | @ Laptop MONITOR | Search window ties, highlights, OCR tet | ‘siping ook vey | ‘Motor Googe rome |1) > mone ee [me ops Yat | Heme com x8 | YSOHOMME Xs] 8 OCROpIM: 3] | DeepsseD | ‘ocRoptims x | Deep S00 | x | © eowmnsy x | Siping Tol Oneoy | (©) AGRE) © cs ol @ Home-<an| MR eyHIOM x1 @ | achmmsx|H Dspsw00"" 3] © eranars x | taptpent =) + [€> SO eathosts00|@ Laptop | MONITOR | Wy» mancteex| me yk | ySOHOMN. | 8 OC | varanaty x Biapophon"
2026-06-23T03:58:18,Snipping Tool Overlay,Ds maax-ter x | o@ cnopis ve: | @ Home-can x SOOM) x snus: x (@ laptop Mon) + a | 1x. op e mo aelaeio” ‘ate + sk cami o x | © > © © becatnoss000 Bx OD,"Ds maax-ter x | o@ cnopis ve: | @ Home-can x SOOM) x snus: x (@ laptop Mon) + a | 1x. op e mo aelaeio” ‘ate + sk cami o x | © > © © becatnoss000 Bx OD | Laptop MONITOR | ‘ping ool vey ‘siping oo veey Sniping Tol vey Laptop Motor - Google Chrome | £8) LasToP MontToR|ch window te ighighs OcRte | __ © > © @bcatows000|Laptop MONTOR| Laptop ©) AGRE) © cs «| @ Home-can|MReysoHIOM x|@ _Y) > manc-tex| me ops Yo:x]@ Home-cam x] 8 | tpMortor Googe one aptop Meio Goegle Motor Goglerome|1)> mane ee|me ops ¥si@ acon x|HDasps400""x| © ena xB SOHOMN: Xe G8 OCROpIM: x] DepED x] © | ‘Crome Laptop Mentor Googe home |D> mance) Heme com x8 | YSOHOME Xe] G8 OCROpn: taptpMent =) + [€ > SO eathosts000|@ Laptop wnwnaty x(Biapophon + Phkeins OX |€ > SO.e | DeepsseD MONITOR | ZEQ0G0600°0"
2026-06-23T03:58:20,Snipping Tool Overlay,"@ Laptop MONITOR | Search window ties, highlights, OCR tet | ‘siping oo veey | {© > © becatnss00 | aptop MONTOR Laptop | Motor Google rome |) > mane e","@ Laptop MONITOR | Search window ties, highlights, OCR tet | ‘siping oo veey | {© > © becatnss00 | aptop MONTOR Laptop | Motor Google rome |) > mane ee [me ops ¥at@ | Home com x8 | YSOHOMNE Xs G8 OCROpIM | DeepsseD | x | © wows x | Seiping Tol Ovelay | ©) AGRE) © cs ol @ Home can | MR @yHIOM x1 @ | comms x|H Dspsw00"" x] © eranarsx | taptpent =) + [€> SO eathosts000|@ Laptop | MONITOR | Laptop Moto - Google Chrome | 1) > mance |e ops ¥:x]@ Home com x] 16 | ‘ySOHOMN. Xe 68 OCROptn: x] DepsvED | © | wrwnaty x Bpophony + Phkenins OX /€ > SO.e"
2026-06-23T03:58:21,Laptop Monitor - Google Chrome,(D) eax-ter x | om cntopis ye % | @ Home-can % | HF BySOHOM x | GB ocRoptm: x | deepsIOO” x | © GNA: x | @ Laptop MONITOR stoeesh int | ol apres 790 |,"(D) eax-ter x | om cntopis ye % | @ Home-can % | HF BySOHOM x | GB ocRoptm: x | deepsIOO” x | © GNA: x | @ Laptop MONITOR stoeesh int | ol apres 790 | Search window ties, highlights, OCR tet | Laptop Meier -Gogle Crome Laptop Motor - Google Chrome Sniping Tol Oveay ‘sping Yoo vey | Mudie Ler X|WR Top YEX|@ Home-canx|H6 _¥)> maacteex|me Tops o:x|@ Home-camx|H8 6) LaoP Moot ch window tes ighights OCR .|__ © > © © bacatnss00 | Laptop MONTOR Laptop | ties highs OR et 'sping ok vey | Moto wnat xBjapophonl 9)» Phksmins X|€>SO.e Chrome Laptop Mentor Googie home [D> mance | ome com x8 | YSOHOM Xa G8 OCROPET: x"
2026-06-23T03:58:23,Laptop Monitor,i LAPTOP MONITOR | Grog ark: | © SaveKey Get atte ey ~ conse groacom | =faau | (Ga/sun/see o8see) “ert | umf 2026 @3:58:00) “eT | un/3026@3:58:07) “ee,i LAPTOP MONITOR | Grog ark: | © SaveKey Get atte ey ~ conse groacom | =faau | (Ga/sun/see o8see) “ert | umf 2026 @3:58:00) “eT | un/3026@3:58:07) “eet | 23/.dan/2006 €3:88:08) “CET | 2/en/aea 3.888) “EET | 22/dn/anae 3:88:08) | 23/dn/ana 03:88:08) | 33/dn/aeag 3.888) “EET | 33/dn/anae 03.888) “eet | S3/dn/anae 3:88:08) “eet | S3/dn/anag 3.8813) “eet | pe) weet | a7] “eet | esa] “eet | BQo0g0@000fP Ome deG | 1 seeping ook x | Scoensho copied oeipboard | ‘Automata saved t screenshots folder | Markup ar share | 2 ON Fm soc teas #
2026-06-23T03:58:26,Snipping Tool Overlay,@ LAPTOP MONITOR . | save Key console groacom,@ LAPTOP MONITOR . | save Key console groacom
2026-06-23T03:58:28,Snipping Tool Overlay,Grog Pikes: | (a/oun/aeae | (a/oun/aae | (Ga/oun/aea | (Ga/oun/a | (Ga/oun/aeae | (Gayoun/aae | (a/oun/2eae | (Gayoun/aeae | (ayoun/aa | (Gayoun/aea |,"Grog Pikes: | (a/oun/aeae | (a/oun/aae | (Ga/oun/aea | (Ga/oun/a | (Ga/oun/aeae | (Gayoun/aae | (a/oun/2eae | (Gayoun/aeae | (ayoun/aa | (Gayoun/aea | (ayoun/aeae | (ayoun/aea | (a/oun/aea | (ayoun/aae | (a/oun/2a6 | (a/oun/2ea6 | (a/oun/2ea | (a/oun/n | (a/oun/20a6 | aiscface | bsseoe) sect /emabipa | 3sseoe) “cet /emabtpa | Ses33) “ce /emabpa | Ses:33) “ce /ehabrpa | Ses:33) “ee /emabpa | bssess) sect /emabipa | bssess) “eet /ehabtpa | (3:80:17) “eet fap recent HBP 3 200 | reenshets\\ecean_206-86-2279-88-19. 99 HEP/ | (Sesser) “eet fapi/recent HBP 3"" 200 | Et /thanpatonereeshats\ reer 226-86-10725-20-5. 369 HT | Quaeeo | reonthets\\ecran_2026-86-A6720-38 0 py MEDI | reenshets\\ecewn_204-86-29789-88-19. jpg | Tee omedeCGCraes | Markup an share"
2026-06-23T03:58:31,Laptop Monitor,@ LAPTOP MONITOR | soveKey Geta console groacom | A ON Fm sso6c000 #,@ LAPTOP MONITOR | soveKey Geta console groacom | A ON Fm sso6c000 #
2026-06-23T03:58:35,Laptop Monitor,1m optaonmentorng x + | « % D> TWePC > Windows’) > apptation monitoring > | > wm cesive covet | Mlapiop Mont | > msc Bn | > @orore Ds | ye omone FR ri,1m optaonmentorng x + | « % D> TWePC > Windows’) > apptation monitoring > | > wm cesive covet | Mlapiop Mont | > msc Bn | > @orore Ds | ye omone FR rina cet | vm merc Lee | second buat | sexo ann | BD sass peaoue | ( zaman | them sce 160 | | > wnowe | yon Souci | Search ppliation montering a | fw LAPTOP MONITOR | roa are | Save key Getafe tay = conolegrogcom | BB Cetr yur cry 25 by snd prone > stare. | 1 suena too x | Screenshot copied to clipboard | Atta sed oes fle | SF saan © omnes ° | orp and ste
2026-06-23T03:58:37,application_monitoring - File Explorer,1m sopteaionmentorng x + | © 5% © D> TWsPC > Windows’) > eppation montring > | x oO @ @ O heme mv ow | L dowicats # | Name nemoaies [ye ES | Wi docone,"1m sopteaionmentorng x + | © 5% © D> TWsPC > Windows’) > eppation montring > | x oO @ @ O heme mv ow | L dowicats # | Name nemoaies [ye ES | Wi doconens # pre Yeosams2e61 fete | Brew: 6 Msceentos posamsenss eto | eu 6 Bw Dosmmos ow hie 10 | er Co) Rosamsonss — Mio ele. | gen, s) Bo opamsrer2 —Pyonsoucefle 710 | Berrian ROs2M6ITIS —Fonhieweo. 18K | im scents # weoeams2120 Moot eo | eopamsrer2 —Pyonsoucefle 340 | me comcorsss 062061025 pymonsoucefle 948 | te cee Cont ROME Wadomaanfie 1 | oun eoeamsrere —Pynsoucefle 38 | ern Brower possess aataehie 22248 | eonne MR preymet Weosamszeu Moot faiCo. 118 | Seman | Seo Weosamszeu Moo eco. 148 | Wes ann OE mMENTIS — Weds ne 6 | ( zaman | them ste 160 | | ‘Search appleation monitoring a | 1 sso too x | Screenshot copied to clipboard | ‘Automata saved a sreeshot folder. | Markup aed share | ZFQUoS@GO0PomedCGGCF eB -0% ove, ce"
