timestamp,app,category,category_label,ai_summary,clean_content
2026-06-14 20:41:14,Laptop Monitor,LEARNING,[LEARNING] Learning & Development,~ © covmssse XW Meet-op-atote — @ BAM Keys- Grog x + + Ask Gein | € > GS aowalegioacomeys Br Of | QPOQ Personal = 7 deteutProect = | ariKeys - | ‘Mana,"Laptop Monitor | ‘Manage your project API Keys. Remember to ke, =) @ Svekey Geta tee ay ~ conolegrogcom"
2026-06-14 20:41:16,Chrome,LEARNING,[LEARNING] Learning & Development,Y) © cavnassoe | © ecalnost000 | © Meet | © XB Mites -coqcous x tecitoss000 w+ | BQe0G@o0ePomeud Gees | Phkemins OX | sham Mendl(ou preening),localhost:5000 | sham Mendl(ou preening)
2026-06-14 20:41:18,Chrome,LEARNING,[LEARNING] Learning & Development,"Y) © cavnassoe X | Met-opetove — @ x |B AMKe-Groqcous % © pep Montor w+ Phkemins OX | € > SO eathosts000 | @ Laptop MONITOR | Search window tiles, hig","Laptop Monitor | Search window tiles, highlights, OCR tex | (StS -Cretng Sings Submit Google Chrome (0 Dison in Competitive Pogamming | osregmconor ol GING = atprovencevcourtwe + Gaus[W) DRoin Compete Pry + -Ox | woe YouTube combinatorics pplyisteSES =* | 9. ‘combinatorics pplayist x tome CEA"
2026-06-14 20:41:20,Chrome,LEARNING,[LEARNING] Learning & Development,@ LAPTOP MONITOR,Laptop Monitor
2026-06-14 20:41:23,Laptop Monitor,LEARNING,[LEARNING] Learning & Development,~ © covmssse XW Meet-p-atote — @ XB AK -Grogcout % © Uptep Mentor x + + Ask Gein | © > GO Lecalhost:s000 Ber OF | LarTop MONITOR swe | ww LAPTOP MONIT,Laptop Monitor | Sore tay Geta rey = cole goacom | dress ae < ‘Screomhets\acreen ae-eeisri_ | ‘@urToP MoNTOR WecamaunexiMetopton 2708. ae mks “et sere seat
2026-06-14 20:41:25,Laptop Monitor,LEARNING,[LEARNING] Learning & Development,~ © covmssse XB Mect-gpetone — @ XB AMKeys-Groqiout % © Uptep Mentor x + + Ask Gemini | © % SO Lecathost:5000 Ber Oo fF | ° Grog API Key. Save Key Get,Laptop Monitor | ° Grog API Key. Save Key Get a free key ~ console. grogcom
2026-06-14 20:41:26,Chrome,LEARNING,[LEARNING] Learning & Development,Y) © cavnassoe X | Met-opetove — @ x |B AMKe-Groqcous % © pep Montor w+ Phkemins OX | € > SO eathosts000 mx DIF): | @ Laptop MONITOR Aitoeesh int | ol,"Laptop Monitor | @ Laptop MONITOR Aitoeesh int | Search window tiles, highlights, OCR tex | Laptop Mor - Google Crome Iocamosson0- Google Chrome | earch window aco eedePomed Gees Pern O | ties 9 Menai proving)"
2026-06-14 20:41:27,Chrome,LEARNING,[LEARNING] Learning & Development,Y) © cavnassoe X | Met-opetove — @ x |B AMKe-Groqcous % © pep Montor x + Phkemins OX | © > © © becatnoss000 Be oF | @ Laptop MONITOR foveeshin Os | Te,Laptop Monitor | @ Laptop MONITOR foveeshin Os | Laptop Montor- Google home Laptop Moto - Google Crome
2026-06-14 20:41:32,Chrome,LEARNING,[LEARNING] Learning & Development,Y) © cavnassoe X | Met-opetove — @ x |B AMKe-Groqcous % © Uptep Mentor x + Phkemins 0 x | © > © © becatnoss000 mx DIF): | @ Laptop MONITOR | Laptop Mo,Laptop Monitor | Laptop Montor- Google Come Laptop Moter- Google Crome Laptop Mentor laptop Monitor | @ Laptop MONITOR extoss000 mx IF: | Grog AP Key. Save {60 tecahsts000 Ber OF | Aoveesin Os Te intlot ey Get ‘UsTOP MONIT | neomeece eomed Goce
2026-06-14 20:41:33,File Explorer,LEARNING,[LEARNING] Learning & Development,(m ptiaon mentoring x | © © D> TPE > Wind) > sprbeion montaing > | xo @ GB Nin Bim | Loomea | Mme . onemeiias | pe | Hoanes ¢ Mate oeamszott rete | Br,application_monitoring - File Explorer | Hoanes ¢ Mate oeamszott rete | Bron ¢ Moet woeameinet er | Becnmnee woeaméinst Moot Co. | Bevosanoee osamsris ponte mea. | mews rosamsier2 —_ponSauefie | moron] Batons rowan ns yon snore | [Misco est reas 5 dows bonnie | Brome woeameinst ovata rie | »OmD Bicsoue roeaners6 atom Sore | Mteenn oeam6 TIS Wado Bune | Bsr scone eoeauermss Mato Sore | HBQe0G@o0ePomed Gees | ‘Search appleation monitoring a
2026-06-14 20:41:35,File Explorer,LEARNING,[LEARNING] Learning & Development,@ LAPTOP MONITOR | rQOG0COC0CPOmMEGCR A909 OHO nome #,application_monitoring - File Explorer | rQOG0COC0CPOmMEGCR A909 OHO nome #
2026-06-14 20:41:36,File Explorer,LEARNING,[LEARNING] Learning & Development,(m ptiaon mentoring x | © © D> TPE > Wind) > sprbeion montaing > | xo @ GB Nin Bim | Loomea | Mme . onemeiias | pe | Hoanes ¢ Mate oeamszott rete | Br,application_monitoring - File Explorer | Hoanes ¢ Mate oeamszott rete | Bron ¢ Moet woeameinet er | Becnmnee woeaméinst Moot Co. | Bevosanoee osamsris ponte mea. | mews rosamsier2 —_ponSauefie | moron] Batons rowan ns yon snore | [Misco est reas 5 dows bonnie | Brome woeameinst ovata rie | »OmD Bicsoue roeaners6 atom Sore | Mteenn oeam6 TIS Wado Bune | Bsr scone eoeauermss Mato Sore | ‘Search appleation monitoring a
2026-06-14 20:41:38,Chrome,LEARNING,[LEARNING] Learning & Development,Y) © cavnassoe X | Met-opetove — @ x |B AMKe-Groqcous % © pep Montor x + Phkemins = 0 x | mx DIF): | © > © © becatnoss000 | @ Laptop MONITOR | Laptop,Laptop Monitor | Laptop Moter- Google Crome Laptop Mentor laptop Monitor | Grog AP Key. Save {60 tecahsts000 Ber OF | intlot ey Get ‘UsTOP MONIT
2026-06-14 20:41:39,Chrome,LEARNING,[LEARNING] Learning & Development,Y) © cavnassoe X | Met-opetove — @ x |B AMKe-Groqcous % © pep Montor w+ Phkemins OX | € > SO eathosts000 Be oF | @ Laptop MONITOR ‘Aoreteshin ds | Tot,Laptop Monitor | @ Laptop MONITOR ‘Aoreteshin ds | sppeation montoring Fe per sepaton monitoring Fe plrer sppatin montoring Fe poet Laptop Montor- Google home | Hoanes¢ Mate onaszot rete me onemeias pe | Hoanes € Mate oeamezot rete | Laptop Monto - Google rome Laptop Montr- Google Come Laptop Mentor Laptop Monitor | @ Laptop MONITOR fenoss000 mF: | Aoveeshin Os fe iatlol Key Get UeroP MONIT
2026-06-14 20:41:40,Chrome,LEARNING,[LEARNING] Learning & Development,Y) © cavnassoe X | Met-opetove — @ x |B AMKe-Groqcous % © pep Montor w+ Phkemins OX | © > © © becatnoss000 | @ Laptop MONITOR ‘trash in 2s | Tote | sp,Laptop Monitor | sppeation montoring Fe per sepaton monitoring Fe plrer sppatin montoring Fe poet Laptop Montor- Google home | Hoanes¢ Mate onaszot rete Mme onemoias | Hoanes € Mate ceamsztt rte © © bectnoss00 mx DIF
2026-06-14 20:41:41,Chrome,LEARNING,[LEARNING] Learning & Development,Y) © cavnassoe X | Met-opetove — @ x |B AMKe-Groqcous % © pep Montor w+ Phkemins OX | € > SO eathosts000 Be oF | @ Laptop MONITOR At een | Tt copies 8,Laptop Monitor | 18909 OHO nome # “pion montaing > | Hoanes€ Mate onaezot rete me onemeias pe | Hoanes € Mate oeamezot rete | ‘aptop Monitor - Goole ome Laptop Montr- Google Come Laptop Mentor Laptop Mentor | @ Laptop MONITOR fenoss000 mF: | Aoveeshin Os fe iatlol Key Get UeroP MONIT
2026-06-14 20:41:42,Chrome,LEARNING,[LEARNING] Learning & Development,Y) © cavnassoe x | € > SO eathosts000 | @ Laptop MONITOR | Laptop Montor- Google Come | {© camasoe X| Met opetove — | .Groqous % © pep Montor w» Phkai,Laptop Monitor | Laptop Montor- Google Come | Mites -cogeus x ecitss000w* | Laptop Moir - Google Chrome | (StS - Creating Sings Submit - Google chrome
2026-06-14 20:41:43,Chrome,LEARNING,[LEARNING] Learning & Development,@ Laptop MONITOR torcheshin ds | Tt capt 19587 | (@Diisrin Compete Pogramiming Matte forCP..._)Dhisarsin Compete Programming | Maths forCP...__ (Osx i,"Laptop Monitor | @ Laptop MONITOR torcheshin ds | (@Diisrin Compete Pogramiming Matte forCP..._)Dhisarsin Compete Programming | Maths forCP...__ (Osx inCampetive Progamming [Math for CP_.__ (4) Diizarin Compete Pagramiming | Number of Facts) The Divers in Comptitie Programming [Mats for CP Number of | {@youlobe™ numberof postive dvsors ofa rnbern denote by #1 | count, Sum, Product Seve | eryoneenea aero ‘Take 264 | “cembinaories cp plist x03 tome Ct Aur 2) can be alee using ite rine Factorization [EL Cem = SF The number of postive dco"
2026-06-14 20:41:44,Chrome,LEARNING,[LEARNING] Learning & Development,Y) © cavnassoe X | Met-opetove — @ x |B AMKe-Groqcous % © pep Montor w+ Phkemins OX | € > SO eathosts000 Be oF | @ Laptop MONITOR thin 3 | ol ates 858,Laptop Monitor | @ Laptop MONITOR thin 3 | Laptop Monitor - Google Crome Laptop Motor - Google Crome Laptop Monitor - Google home Tepes artg = ae oe | @ Laptop MONITOR wash 25] etoss000 Be oF | @ Laptop MONITOR Aoreesin ie enmeias | Hoanes¢ Mate oxomszot rete | appaton montoing Fl pbrer epson monting He plore Laptop Montr- oogi ome Laptop Mont - Google ome | 1808 O10 nome ® Sprbon montaing > | —_—Grogcous © Uptep Mentor PhkeminsOx | Hoanes€Mateoeamezot ete © © becatnows0 mx DIF: 1@ Laptop MONTTOR
2026-06-14 20:41:45,Chrome,LEARNING,[LEARNING] Learning & Development,"Y) © cavnassoe X | Met-opetove — @ x |B AMKe-Groqcous « | € > SO eathosts000 | @ Laptop MONITOR | Search window tiles, highlights, OCR tex | Laptop Mo","Laptop Monitor | Search window tiles, highlights, OCR tex | Laptop Montor- Google Come | @ Laptop MONITOR wash 25] | Laptop Motr- Google Crome | @ Laptop MONITOR Aoreesin | Laptop Montor- Google home | sppeaton monitoring Fe poner | Hoanes¢ Mate oxomszot rete"
2026-06-14 20:41:47,Chrome,LEARNING,[LEARNING] Learning & Development,"utoreech in de | Tt captures 1982 | @ Laptop MONITOR | Search window ties, highlights, OCR tet | laptop Meio - Google Crome Laptop Mentor Google home","Laptop Monitor | Search window ties, highlights, OCR tet | laptop Meio - Google Crome Laptop Mentor Google home Laptop Moto - Google Crome | © Laptop {@Diern Compete Fogramiming Mate MONITOR | Laptop Montor- Google Come | Search window les ghighis OCRtex | @ Laptop MONITOR tin 3 ol forcP_Ohisasin Compete rogremming | aptop Mo ates 858 forcr— (Ost) Mentor ws Pai"
2026-06-14 20:41:49,File Explorer,LEARNING,[LEARNING] Learning & Development,(m ptiaon mentoring x | © © D> TPE > Wind) > sprbeion montaing > | xo @ GB Nin Bim | Loomea | Mme . onemeiias | pe | Hoanes ¢ Mate oeamszott rete | Br,application_monitoring - File Explorer | Hoanes ¢ Mate oeamszott rete | Bron ¢ Moet woeameinet er | Becnmnee woeaméinst Moot Co. | Bevosanoee osamsris ponte mea. | mews rosamsier2 —_ponSauefie | moron] Batons rowan ns yon snore | [Misco est reas 5 dows bonnie | Brome woeameinst ovata rie | »OmD Bicsoue roeaners6 atom Sore | Mteenn oeam6 TIS Wado Bune | Bsr scone eoeauermss Mato Sore | HBQeG@o0ePomed Gees | ‘Search appleation monitoring a
2026-06-14 20:42:36,Chrome,LEARNING,[LEARNING] Learning & Development,"@ Laptop MONITOR | Search window ties, highlights, OCR tet | Laptop Monitor -Gogle Crome | ‘to reeshin 27 captures 1882 | @ Laptop | MONITOR | Search","Laptop Monitor | Search window ties, highlights, OCR tet | Laptop Monitor -Gogle Crome | Search window es. ghights, OCR et | laptop Maio - Google rome Laptop Mentor Google | sepaton monitoring le plrer | Hoanes € Mate ocamszot rte | Laptop Motor Google home | ‘toreech nde Tt coptres 1982 @ Leptop | laptop Meio - Google Crome Laptop Mentor Google | Laptop Moto - Google Crome"
2026-06-14 20:42:41,File Explorer,LEARNING,[LEARNING] Learning & Development,(m ptiaon mentoring x o x; | © © D> TWwPC > Windows (C) > appleton monitoring > ‘Search oppleaton manterog =} | XO @ & O heme mv oe Drei | | oomints #,application_monitoring - File Explorer | Becnmnee Weosambme Miso alco. 1 | Besse pccere oszms iat onSnwcehle 8 | Lecteneel Le) Wosambae Misono. 18 | Somes Bcewer esas ie ponSowcnhle 18 | Brop ontr 06065 Winombwhie 18 | Bron osamsane onan ie | Bsceneseoe aiasamsssao mafia pe
2026-06-14 20:42:50,Excel,LEARNING,[LEARNING] Learning & Development,,clean_log - Excel
2026-06-14 20:42:56,File Explorer,LEARNING,[LEARNING] Learning & Development,(m ptiaon mentoring x | x Oo D CG OG Ws Bi vew- oe | £ Dowsioads # Name - Date modifies Tyee | noe 2 | =e ee | Geos) eee eo ee | us 6 Bw weoramszos iv,"application_monitoring - File Explorer | £ Dowsioads # Name - Date modifies Tyee | euctet poenr 13-06-2026 1024 ‘Pynon Source File | apts 12-06-2026 1812 -yton Source File | B eames 12-06-2006 1812 ytton Source ile | 2 nen veeme By SHARE TS README 12-06-2026 1715, Markdown Source — | ‘Search appleation monitoring"
2026-06-14 20:42:59,Excel,LEARNING,[LEARNING] Learning & Development,(me soptaionmentaing =X | © > GB > TWePC > Windows (C) > applation monitoring > Sch application monitoring a | © new o @e¢ 9 Nm we = Preien | HQ0G@00%,activity_timeline - Excel
2026-06-14 20:43:09,File Explorer,LEARNING,[LEARNING] Learning & Development,(m ptiaon mentoring x | L Dowsioads # Name - | Cea | Cas | Ben] meee | Bopp tauncher | Mirco mort eacet poco | creme] So | aed WE ceanjog | cecra|| Ge,application_monitoring - File Explorer | Mirco mort eacet poco | ‘Search appleation monitoring
2026-06-14 20:44:44,Excel,LEARNING,[LEARNING] Learning & Development,,primary_bucket - Excel
2026-06-14 20:44:48,Excel,LEARNING,[LEARNING] Learning & Development,fe Home Inst Draw Pape Layout Fomulas ata Revew View Help Acrobat © Commer | | fae | a ee ay 0 | =e |* ~ 9 | 8) oes ees See fee se Se | primary bucket,primary_bucket - Excel | fe Home Inst Draw Pape Layout Fomulas ata Revew View Help Acrobat © Commer
2026-06-14 20:44:52,Excel,LEARNING,[LEARNING] Learning & Development,"x a4 Z)P~ | wapren = | 2 Bp ""- §7 O >, | SIME start_timeend time duration app svdd_buckcategory_main_taskcore_phrases | innit HEH 1m 55s Chrome primar",primary_bucket - Excel | SIME start_timeend time duration app svdd_buckcategory_main_taskcore_phrases | innit HEH 1m 55s Chrome primary _[LEARNIN(~ A© covr sppeation montoring fe per sepaton monitoring fe plrer sppatin montoring fe
2026-06-14 20:44:53,Excel,LEARNING,[LEARNING] Learning & Development,start_timdend_time duration app _svdd_buckcategory main_taskcore_phrases | primary bucket | eomed GCeer,primary_bucket - Excel | start_timdend_time duration app _svdd_buckcategory main_taskcore_phrases
2026-06-14 20:45:42,Excel,LEARNING,[LEARNING] Learning & Development,"utes in | Tol apres 9595 | @ Laptop MONITOR | Search window ties, highlights, OCR tet | Laptop Monitor -Gogle Crome sepaton monitoring le plrer Laptop","primary_bucket - Excel | Search window ties, highlights, OCR tet | Laptop Monitor -Gogle Crome sepaton monitoring le plrer Laptop Motor Google home | Search window tes, ighighs OCRtet | laptop Maio - Google Crome Laptop Mentor Google Mme cnemeias | pe Hanes € Mate oeamott rte laptop Moo - Google Come Laptop Mentor Googe"
2026-06-14 20:45:45,Excel,LEARNING,[LEARNING] Learning & Development,1 POSSE OATALOSS. Some exes mgt es ou sesh wotbookin comand fm To pes ee eaten se naa fc ema | start_timeend_time duration app _svdd_buckcategory main,primary_bucket - Excel | 1 POSSE OATALOSS. Some exes mgt es ou sesh wotbookin comand fm To pes ee eaten se naa fc ema | start_timeend_time duration app _svdd_buckcategory main_taskcore_phrases | ‘Haiti Hi 1m 55s Chrome primary [LEARNING] Learning & Development
2026-06-14 20:45:52,Chrome,LEARNING,[LEARNING] Learning & Development,"@ Laptop MONITOR | Search window ties, highlights, OCR tet | primary bck cel | “tat tindend time dation app sed buckeategory | ‘main taskeore pases pr","Laptop Monitor | Search window ties, highlights, OCR tet | “tat tindend time dation app sed buckeategory | ‘main taskeore pases primary buckt | Stormer time dation app | ‘yl bckategory main askeore pases innit HEH"
2026-06-14 20:45:53,Chrome,LEARNING,[LEARNING] Learning & Development,Xi Meet-gpetome — @ XB AM Keys Groqiow % © Uptep Mentor x + + Ask Gemini x | © © ocahosts000 Be oO Ff | @ Laptop MONITOR 2 ‘ves | Star. time duration,Laptop Monitor | Star. time duration psd buckategary x94 Z | SIME primary bucket | eomed cee omed Gceee | Seer ‘id bckategory moi accor pass innit HEH
2026-06-14 20:45:54,Chrome,LEARNING,[LEARNING] Learning & Development,X (Wi Met-apatohe OK) B Aes Grogan % | © Uptep Mentor xt | St hkemini x. | € > SF @© reergeogiecomojp-eto-e Br Of | 2004 | cp-ntosve © Sham reat c=D «,"Meet – ojp-exko-fve | cp-ntosve © Sham reat c=D «: | To avd an infty miro, dot share your entre screen or browser window. | ‘Share ust tab oa ferent window instead. | Showmyserenanwoy Sp presenting @ stonuimatted"
2026-06-14 20:45:55,Chrome,LEARNING,[LEARNING] Learning & Development,Phkemins OX | € > FO mecrgoogiecomioip-xto-fe Bx Of: | 20s | op-eso-tve ©) Stembona 6 presenting Gz=D | People x | | Q search for people | You are pre,Meet – ojp-exko-fve | ‘To void an infty miro dont shore your ene screen or browser window | ‘Share ustatab ora ciferent window instead.
2026-06-14 20:46:47,Unknown,LEARNING,[LEARNING] Learning & Development,1m optaonmentorng x + : | © 3% GD > TWsFC > Windows) > apptation montoing > ‘Search applation menitoring a | x © @ © OD Nene wv ow mei | Edom # Name a,Edom # Name ate meat Tine ae Y | BENSON 120520061735 Marko Sauce | wasn Bevage ozs 182 FybonSouce ie | © Rnamosetons ziosamsism rile AE
2026-06-14 20:47:17,Excel,LEARNING,[LEARNING] Learning & Development,1 POSSE OATALOSS. Some exes mgt es ou sesh wotbookin comand fm To pes ee eaten se naa fc ema | start_timeend_time duration app svdd_buckeategory main_,primary_bucket - Excel | 1 POSSE OATALOSS. Some exes mgt es ou sesh wotbookin comand fm To pes ee eaten se naa fc ema | start_timeend_time duration app svdd_buckeategory main_taskcore_phrases
2026-06-14 20:48:54,Excel,LEARNING,[LEARNING] Learning & Development,© > © © meergoogleconicip-eto-ve Be Bf: | 20:46 | cprentorve © Soamnt ou preentng c=D «: | Q Search for people | You are presenting | ‘Tove aniniity m,"primary_bucket - Excel | ‘Tove aniniity miro, doa shore your ene sreen or browser window. | ‘Share usa abo a lent window instead. | Srowmy seaman») (_ Sep remtng ermueaices"
2026-06-14 20:52:30,File Explorer,LEARNING,[LEARNING] Learning & Development,(m ptiaon mentoring x | © D> ThsPC > Windows(C) > appclon menitring > | @ @ OF Nene ve | Edom # | Name | Boccmes ¢ Rew | Brass 6 Mscw.o9 | rg Reconcne,application_monitoring - File Explorer | ‘Search appleation monitoring
2026-06-14 20:53:00,File Explorer,LEARNING,[LEARNING] Learning & Development,@ LAPTOP MONITOR | BQ0GB200%P oma SCRE A909 O00 none &,application_monitoring - File Explorer
2026-06-14 20:53:02,Laptop Monitor,LEARNING,[LEARNING] Learning & Development,1m optaonmentorng x + | © > 1 © © > There | Dowioeds # | Bi dvamens + | moncone # | Beaty + | te eptp monte | me ans amsene | > Imcesme canst] Bl mont,Laptop Monitor | > Imcesme canst] Bl montor | Search ppliation montering
2026-06-14 20:55:41,Notepad,LEARNING,[LEARNING] Learning & Development,"> cestvecoutt| Ri pinay.buaet | > msc PB con, oice | DOES Bron sunny | > @ombive | v mmsrc | > wnowe | BQeaG@G0Pomeud Cee | Search dat store | %S saw",Notepad | DOES Bron sunny
2026-06-14 20:55:42,Notepad,LEARNING,[LEARNING] Learning & Development,« © B_> TFC > Wndows(C) > loptopmonitrng > dtastore > Seoreh data stoe a | Onn % © ® ota © ree | <== = 4 MaLcuMe) votiotsl asurpt pre PoP Rod impat(ee,"work_summary.txt - Notepad | <== = 4 MaLcuMe) votiotsl asurpt pre PoP Rod impat(ee astra wom wok X 6 + OX | {Rcvo,tmainr RE Learning & Developeent 298 585 | Desepucae, 1949 7— 13:54 ME Learning & Developnent (4m 555) Chrome | Oe Dose = 2:56.) earing& Dvelapant (1s) chrome | meron Sor cint ke ake Skee) € | Mcenoo —_an:57 — 13:50 RM Learning Development (263) Chrome | 12:50 = 13:59"" My MY Learning & Developeent (295) chrone | Bows SF turst satoonsoyanicrroge i Pricenins | SSS 5 13:50 — 33150. WM Learning & Development (10s) Chrome | O's turst satoonsoyanicoroge ne Pricenins | > Bruca FBsrcontntse ygroy — sacar MM Learning & evelopment (16s) Chrome"
2026-06-14 20:55:43,Notepad,LEARNING,[LEARNING] Learning & Development,« © B_> TFC > Wndows(C) > loptopmonitrng > dtastore > Seach ata store | 75 7 Be mca; tmtintsl ssiigl pie Pade Pot Katine asad wotamm wo)» + OFX | Oees,"work_summary.txt - Notepad | 75 7 Be mca; tmtintsl ssiigl pie Pade Pot Katine asad wotamm wo)» + OFX | moon Learning & Development: 298 8s | Bain + scrivnry rivecine | Bono 15:49 — 13:54 MM Learning & Development (4m 555) chrome | gnccmny 977 :58 AL Leaning etme (6) creme | Beane saise— 18139, Lecningf evelopeet (m0) Chrome | + turst satoonsononictroge i Pricenins | Bows 13:59 = 15:59. MM Learning & Development (10s) chrome | Mima nce start atoons manichoge x + phkemins x | Vous MEOL= 4:01 RyRy Learning & Developent (265) Chrome | pOETD secon s4son 14:02 MI coding (56s) Crone | *eomnre ket ences Pinte Wino mun ura"
2026-06-14 20:55:49,Notepad,LEARNING,[LEARNING] Learning & Development,@ © Q> TRC > Window (C) > top menting > dtntore > Sew dt tre a | Om % © ® + = gy Dain | bere p Dee 4 mica) betta asin pitas React Pato Inpatinest wots,"work_summary.txt - Notepad | bere p Dee 4 mica) betta asin pitas React Pato Inpatinest wots SERGEY ++ | Woscnee ¢ Mor ""asa = s3¢54 ME Learning & eveloment (4m 558) Chrome | Bram + man Tak cada [eame)0 8 | : ise —aafse"" my mLearning & Development (218) Chrome | moe Furst entoonsoymanlcroge er Prcenins | SF turst eatoonsoynanlcoroge er Prcemins | woh # ND) <heavers aaron couestect | - Mecney sure — 14:02 BM Coding (565) chrome | 0) — sas “tt Learning 8 Oevelomen (60528) chrome | > Bmeca Wsccondoy.tuc: 44:36 — 14:27 My MY Learning & Development (20s) chrome | > CED Weicata702emnces 10% Windows CRN urs"
2026-06-14 20:55:50,Notepad,LEARNING,[LEARNING] Learning & Development,"¢ MULCUMa, detente! astrpl pce Ped Ro Product Po npartiuee asteat — worksumm wok Xt | . 5 | ars le fat View We ey BTS Om ® | fone for Gint ke ke § kee","work_summary.txt - Notepad | ¢ MULCUMa, detente! astrpl pce Ped Ro Product Po npartiuee asteat — worksumm wok Xt | Mont 1b:57 = 13:58 “MIRE Learning & Developeent (265) chrone | ) mon 1S tatersoman cope rkcenins | Maser + turst aatoonsymanictroge Ke Pricenins | suseo — asset IM coding (im 2), Chrome | Beatey Sturt atoons mmichoge + Phkemins x | 101 = 14:01 RM Learning & Development (165) chrone | ason — 14:02 MM Coding (56s) Chrome | Boone Sues 422 058 Couse/shecl But Balloons -L | cain 103 — 14:08 MM Learning & Development (4m 525) chrome | 2 ‘Cie + bunt wagons mante hog x | 1:26 — 14:27 MR Learning & Developaent (20s) Chrome | > msc WBeccniay cis 14328 14:21 Ry MD Learning & Development (2m 11s) Chrome | soy Wvonsunmoy 4:31 — 14:34 RY RY Learning & Development (2m 425) Chrome | > CED Weicata7o2emnces Paint 10% Windows CRN urs"
2026-06-14 20:55:51,Notepad,LEARNING,[LEARNING] Learning & Development,"« © D> Tse > Windows C) > laptop montring > dtastore > Scorch data stove a | One % © ® — ++ - gy Pein | 7 m MULE, Deiat aig pak Pot Pr Prodi Fo Kmart","work_summary.txt - Notepad | 7 m MULE, Deiat aig pak Pot Pr Prodi Fo Kmart astat workin wo) b+ | - . 10) — 14:08 ""ML Learning & evelopment (am 525) chrowe | ‘10's bunt facons mante hog x | meroicnonse ‘+ gust satoons oynanic hoge x + $P Ake | 14:28 = 14:31 MD Learning & Developwent (28 118) Chrome | sain — 14:38 RRL Learning & Developaent (20 425) Chrome | sues A2z OSA Couse/shec! But Bloons -Let | > tmceave cost! Bpimuyoan 14:34 — 14:34 RY Learning & Development (19s) chrowe"
2026-06-14 20:55:52,Notepad,LEARNING,[LEARNING] Learning & Development,"me uasere x + | « D> TwePC > Windows (C) > laptop montring > data store > Seach ata store a | One % © a - = 0 x joe | 7 = Be cine, tet intsh att pte p","work_summary.txt - Notepad | parsing A Botean expression | Men 14:35 ~ 14:36. MM Learning & Development (im 218) Chrone | ae iM Learning & Development: (am 46s) Chrome | Cee sasas— 14:45 HM coding (1m 225) Chrome | Bene sues A2z 058 Couse/shecl 3 Paring ABoole | (14:47 ML Learning & Developrent (1m 25) Brave | 5 Tt looks like you spent most of your tine learning and developing, with a focus on the Burst galloons problem on Leetcode. You also | ‘explored topics Like parsing Boolean expressions and minimum cost to cut a stick. Coding sessions were brief, with 9 total of just & | Bcxsecas Seconds spent. on actual coding. | WB prinay.pocer Your tine was split across learning and development, with a few short coding sessions in between. You switched between chrome and v5 Code, | ‘and als0 took a brief look at whatsApp. The sequence of activities was quite Fragmented, with many context switches between learning, | AB condo. in Coding, and browsing. | (ne thing that stands out is the lack of focused blocks of tine dedicated to coding. You had many short sessions, but none of them lasted | Uaicat 4702enaces Paine 10% Widows CP utr"
2026-06-14 20:55:54,Notepad,LEARNING,[LEARNING] Learning & Development,"© 5 © DB > TWsPC > Windows’) > laptop monitaring > dtastre > Scorch data stove a | 7 aC Be cine, tet intsh att pte phe Pedi Po Pda Pe ingot ine ast wo","work_summary.txt - Notepad | Brae + asso — 14:43 ML Learning & Development (3m 465) chrome | a . ‘sues Azz Osa couse/shecl > Paring ABoole | 46 — 14:47 MM Learning & Development (1m 25) Brave | monone ‘oe 50, minimim cost to Cut the Stick - @ | Doster + 1 100ks 1ike you spent wost of your tine Learning and developing, with a focus on the Burst Galloons problem on Leetcode. YoU a1s0 | Bones explored topics like parsing Goolean expressions and minimm cost to cut'a stick. Coding sessions were brief, with a total of Just 6 | a ecpcme SeCOndS spent on actual coding. | Bure Your tine was split across learning and development, with a few short coding sessions in between. You switched between chrome and VS Code, | Cero Sand also took a brief look at thatsapp. The sequence of activities mas quite fragmented, with many context switches between Learnings | FBccnioo coding, and browsing. | 3 fone thing that stands out is the lack of focused blocks of tine dedicated to coding. You had many short sessions, but none of them lasted | cons fore thon 8 feu minutes. this might indicate that you were struggling to stay focused or that you were trying to'miltitask too mich. | > meouorssst] Biumeces one honest observation is that your productivity might be improved by dedicating larger blocks of tine to focused coding sessions. | Moin for your next session, try setting aside a dedicated 20-minute block for coding, without any interruptions or context switches. This will | > mos Misconiay nue help you stay Focused and make more progress on the problens you're trying to solve. | DOR Ueicalt a70ncces Pinte 1 Windows RL ue"
2026-06-14 20:55:56,File Explorer,LEARNING,[LEARNING] Learning & Development,me uasere a | > + © SDIKDI melon amn plata ee a | @Q@ @ OB Wson-~ BVew- ve OD Preview | - ‘Date mediied Te ‘Sze | asactve omnes 708 | conmuted —pomsen,data store - File Explorer | > @omoive [Wrecsonnay esos 1s57etdoamen 1]
2026-06-14 20:56:48,Excel,LEARNING,[LEARNING] Learning & Development,,activity_log - Excel
2026-06-14 20:56:51,Excel,LEARNING,[LEARNING] Learning & Development,ano OX Prk ore = @amcooge) se GE | vote ag om LF || aS a8 PP me Se esta | fPAAtonadvert:>| Dhara Tae Re | | = @Pyoite QaKe scom 6 @ |v $23 20 let Voic,activity_log - Excel | est Voie Dc ins AR Aedes > orale | tem ¥F Comer Contemar cat is mate aptom 0 | Fastest Voie Deaton | @A> PREMIER LEAGUE i Fostestoce Morten FA Bstowaen | a) Fasten Vice Dictation Vane | Conte RO Comtenny ren Gono OX +Phemns | Lenny Pep Gurls... Ge Morese
2026-06-14 20:56:54,Unknown,LEARNING,[LEARNING] Learning & Development,% | © Uptep Mentor xt Phkemins = 0 x | mx DIF: | Q Search for people | You are presenting INTHE MEETING | BA Beare et turer ens reed | Sea) aes 1 sen,You are presenting INTHE MEETING | BA Beare et turer ens reed
2026-06-14 20:56:57,Chrome,LEARNING,[LEARNING] Learning & Development,Y) © cavnassoe X | Met-opetove — @ x |B AMKe-Groqcous % © pep Montor w+ Phkemins OX | € > SO eathosts000 mx DIF): | @ Laptop MONITOR ‘Adorcheshin2s |,"Laptop Monitor | @ Laptop MONITOR ‘Adorcheshin2s | ‘Search window ties, highlights, OCR tex | sppeation monitoring Fe per Laptop Mentor sppatin montorng Fe poe a | ass 6 Mscw.o3 19 eptp mone | >mcesme cant Bt Name 8 | econcne ‘mont econene"
2026-06-14 20:56:59,Chrome,LEARNING,[LEARNING] Learning & Development,© > © © kexahosts00 Be oF | @ Laptop MONITOR c 9636 | “wale! | Grogeous © pep Montor ws Phemin OX|€> SO Mentorx +» AskGeminix|© © teeosso00 Be oF Sear,Laptop Monitor | @ Laptop MONITOR. 1@ Laptop MONTOR ewe | MEETING BA Beare et turer ens reed Se) est sen
2026-06-14 20:57:09,Chrome,LEARNING,[LEARNING] Learning & Development,© % |B AMees- croqcons % © Uptep Mentor x + Prkemii - 9 x | > © becalhoss00 Be oF | @ Laptop MONITOR | Pemi-9x| © keabosts000 Ber FO LAPTOP © | MONITO,Laptop Monitor | ‘Groqecus © pep Monto Pemins OX | Grogeous © pep Montor ws Phen
2026-06-14 20:57:13,Chrome,LEARNING,[LEARNING] Learning & Development,© > © © kexahosts00 | @ Laptop MONITOR | 19 © comasoe X|Metcpetote— @ x] AMKeys: | orgs % © Uptep Mentor + Femi -93|€> | {© becahots000 Be OF Laptop M,Laptop Monitor | orgs % © Uptep Mentor + Femi -93 | 8 Adres: croqcon% © Uptep | Grogeous © pep Montor ws Phen | MEETING [BA Beat et turer ne reed | ‘Groqecus © pep Monto Pemins OX | No readable conten found
2026-06-14 20:57:14,Chrome,LEARNING,[LEARNING] Learning & Development,cA What | Meet-opetome — @ x | AMKeys-Groqaous © Laptop Monitor x + Prkemii - 9 x | © © tecahostso00 Be oF | @ Laptop MONITOR ° ony | Grogeous © pep M,Laptop Monitor | @ Laptop MONITOR. 1@ taptop MONTTOR we 155585 metancieco | No ead contet found ano OX kore = @amcooge) se GE vote ag}om | . No readable conten found No readable conten found
2026-06-14 20:57:15,Chrome,LEARNING,[LEARNING] Learning & Development,¥) © cownassoe x © % |B AMees- croqcons % © Uptep Mentor x + Prkemii - 9 x | © © tecahostso00 Be oF | @ Laptop MONITOR 5 ony | No readoble content fun,Laptop Monitor | No readoble content fund ano Ox kore = @amcooge) se.GE | __Noreadable cote fund No eadoble content foun
2026-06-14 20:57:17,Chrome,LEARNING,[LEARNING] Learning & Development,© Meet - eo. B pkey - Grogs | © © tecahostso00 | @ Laptop MONITOR | 19 © comnassoe X| Metcpetote— @ x | AMKeys | Gosia © Uptep Mentorx + Pksmil-9x €>,Laptop Monitor | [MEETING [BA Beare turer ene reed Se) as sen | Grogeous © pep Mentor ws Phorin
2026-06-14 20:57:18,Chrome,LEARNING,[LEARNING] Learning & Development,rd X |B Met-opetome — @ x | B pkey - Grogs % © Uptep Mentor x + + Ask Gemini o | © > © © kexahosts00 Be oF | @ Laptop MONITOR * 9600 | © % B AMees-rog,Laptop Monitor | AMKeye Prtemii-9:] © kelhostso00 Ber OF | schamiendaou '9636[ “ale! Grogeous © pep Mentor ws Phim | MONITOR [Penn © keaboss00 Ber FOLAPTOP © becaosts00 Be OF Laptop MONITOR O:<5a | ‘OR(> SO Mentone» Ask Geminis © teozso0 Be
2026-06-14 20:57:19,Chrome,LEARNING,[LEARNING] Learning & Development,© > © © kexahosts00 Be oF | @ Laptop MONITOR c ose | (© Meet co. 8 pay -Giogs © © tecahosso00|@ __cAWhatx © 5B Mees: rogcons %6 © Uptep 19 © cownassoe,Laptop Monitor | Gosia © Uptep Menton Pksmit&x [vor et mermon amoonnconmeni | @ Laptop MONITOR Sony
2026-06-14 20:57:22,File Explorer,LEARNING,[LEARNING] Learning & Development,1 botoe entering x + | © > GD > ThisrC > Windows) > laptop montering > | x oO Q@ © BD NSet- we view ~ | L Downloads # - ‘Date mediied | evtcatons? 12-,laptop monitering - File Explorer | ‘Search ptop monitering a
2026-06-14 20:57:25,File Explorer,LEARNING,[LEARNING] Learning & Development,"4 dowmonse | Bi doamens + | Bree + | Hives | me once | cater, | me ams 2260 | me orpicstons | > mcomcorss24 | > I ceatve oust | > Be mccn | > @ombive",screenshots - File Explorer | sereen 226061 seen 226061 sceen 226061 Soeen 226061 Soeen 226061 Soeen 226061 Soeen 226061 SeeeNAREOET soeENAREOET soeeNAREOE1 seen 226061
2026-06-14 20:57:28,File Explorer,LEARNING,[LEARNING] Learning & Development,tm eetp monterng a | © 3 © D> TPC > Windows(C) > laptop monitring > Search ptop mong a | Neon % Oo DB Nsene vee on Drew | | domionss # . owemesies Tne,laptop monitering - File Explorer | ches 9 osamsiert feta | app sanoe eopamsmris Ponte wea 1080 | cence Posamerr — Mow BxelCo. 678 | pOETD BW careous ‘wom2ms1025 ryonsoucefle 9K | vewaue! 2 Posamese —owtee HS
2026-06-14 20:58:50,File Explorer,LEARNING,[LEARNING] Learning & Development,(m ptiaon mentoring x | © D> ThsPC > Windows(C) > appclon menitring > | @ @ OF Nene ve | vomints # Name | Bocce # aw | Brews RMocnncs | Wc geome | Bic,application_monitoring - File Explorer | ‘Search application monitoring a
2026-06-14 20:59:08,VS Code,CODING,[CODING] Coding,,Visual Studio Code
2026-06-14 20:59:10,VS Code,CODING,[CODING] Coding,0 ae get e,README.md
2026-06-14 20:59:11,VS Code,CODING,[CODING] Coding,"(QO mtaomems x | © application moitrng > @ README md | 1"" Laptop monitor — Desktop App vt | Captures screenshots every second, extracts text via Ock,","README.md | Captures screenshots every second, extracts text via Ock, generates AI work summaries using Grog, stores everything in SQLite, and shows 2 Live dashboard in your | 2 browser — all from a single GUI app. no terminal ever needed. | fm quick Start (tew User) | 9, Double-click ** setup and run-bat | 0 = Automatically installs Python, Tesseract ck, and all packages | 11 Opens the GUT wien done (-2 minutes first tim) | @ 1 a paste your free ero Wr key» cick +50 teyt* | 1"" Getone ats https//eonsae-groacom (00 eet card) | 163, Click ""9% start nonttorings* | 20 “every day after:** double-click **Laptop Monitor.bat""** to open the app. | Setup and_run-bat ¢ First-time auto setup + launch | 20 Laptop tonitor.bat_ + Oaily launcher (after setup) | ci SiARE_mHS REAGME.ad + simple instructions for sharing | ut E config.py ALL settings from venv | sod + Screenshot loop + change detection | 36 analyzer.py + Tesseract ocR (local, no API) | Leucat Spoaes UTES UF Maton 0"
2026-06-14 20:59:13,C:\WINDOWS\system32\wsl.exe,CODING,[CODING] Coding,© weno % | © vpplcation monitoring > @ README md | 2B cwnoowsstenazvnie x + ~ | © Windows Subsysten for Linux must be updated to the latest version to,"C:\WINDOWS\system32\wsl.exe | © Windows Subsysten for Linux must be updated to the latest version to proceed. You can update by running ‘wsl.exe —-updat | 18 For nore information please visit https: //aka.ns/nsLinstall | 2 Press any key to install Windows Subsystem for Linux. | 21 Press CTRL-C or close this window to cancel. | 2 This prompt will tine out in 68 seconds. | cream tog-esv + Created automatically every hour | primary_bucket.csv + Created automatically every hour | ork sumary.txt AE report, updated every how | UCT Speed UIFS UF Mandown @ Colne Peter 0"
2026-06-14 20:59:14,VS Code,CODING,[CODING] Coding,"(QO mtaomems x | (> sppcation maritarng > © READM | ferminal Hel Psewcn | tend > Laptop Monitor — Desktop App wt | 16 3, Click ""9 start Monitoring | 2","README.md | tend > Laptop Monitor — Desktop App wt | 20 every day after:** double-click * Laptop ronitor.bat""* to open the app. | = First'time auto setup + launch | pally launcher (after setup) | © Simple instructions for sharing | + core monitor (launched by aut) | Screenshot loop + change detection | = Flask web dashboard (localhost:5000) | + Cleans activity-log.esv » clean_log.csv | + fae analysis + Grog work sumary | + pnowaly detection model | + Python package List | + Your 101 key (auto-created by Gut) | created automatically every hour | SA report, updated every hour | UiCt Spuee3 URS UF Mandown @ Golke Peter 0"
2026-06-14 20:59:15,VS Code,CODING,[CODING] Coding,(QO mtaomems x | (> sppicaton moitrng > © READMEmd > Laptop Monitor — Desktop Ap | oe wear | TH D ratexaer OoA0 Wo | + GU app ~ double-click to run |,"README.md | = First'time auto setup + launch | pally launcher (after setup) | © Simple instructions for sharing | + core monitor (launched by aut) | Screenshot loop + change detection | = Flask web dashboard (localhost:5000) | + Cleans activity-log.esv » clean_log.csv | + fae analysis + Grog work sumary | + pnowaly detection model | + Python package List | + Your 101 key (auto-created by Gut) | + Aito-created: ram real-time 1og | created automatically every hour | © AL report, updated every hour | + salite database (auto-created) | Latest 10 Screenshots. (auto-managed) | UiCt Spuee3 URS UF Mandown @ Golke Peter 0"
2026-06-14 20:59:18,File Explorer,LEARNING,[LEARNING] Learning & Development,(m ptiaon mentoring x | yon Soacefile ne | Pymontieinoco 188 | PymonSowcefle SAK | Pymon Sos tie a | Symonsoacefle 14K | yon Soc ie Py | Syronsoscefle,application_monitoring - File Explorer | on Bice paces owas s024 | WE actp Meatar reosam6 75 | 1B siete nes czone reopamerris | ‘Search application monitoring a
2026-06-14 20:59:22,Search,LEARNING,[LEARNING] Learning & Development,te. secondo cet | Micon ain | v mmsrc | = 1B sass ADM | > wnowe | Bi se neseios | Search ppliation montering | BQ0G0200%Pomta CREAN | 8S saw | OD Prei,Search ppliation montering
2026-06-14 20:59:26,Search,LEARNING,[LEARNING] Learning & Development,Wives + | > TWePC > Windows) > applation monitoring > | 705 “one,
2026-06-14 20:59:31,Notepad,LEARNING,[LEARNING] Learning & Development,1m optaonmentorng x + | © > GD > TWePC > Windows (C) > applation monitoring > Search ppliation montring a | © Wen tes = - 0 x OD Preiew | £ Domic le E,"Untitled - Notepad | > cmon, WMECO — Ochaace Pinte 10% Windows CN urs. | BomeN mo 120520261735 Mason Sauce 2a"
2026-06-14 20:59:35,Search,LEARNING,[LEARNING] Learning & Development,© > ThisPC > Windows (C) > appcation montring > | Wives + | merase | aoe | mea@cera | 705 “one,
2026-06-14 20:59:36,Search,LEARNING,[LEARNING] Learning & Development,Wives + | > TWePC > Windows) > applation monitoring > | 705 “one,
2026-06-14 20:59:43,File Explorer,LEARNING,[LEARNING] Learning & Development,"© > © O> RE > Windom > apaton meng > Sich snr monn @ | AN Sort HB View = ase, Drevin | ae seman 1 | Rss seems) wate. Teh | ii semis maton, 28 | f= see",application_monitoring - File Explorer | seas reeeausi8 ones. 8 | Bonner Decmsaat minnie ten | Tess reeeaasiett snare 78 | Hess raeeaasist snare eh | Bows seems mineie 38 | Benn seeeausnas —pmsnaetie a8
2026-06-14 20:59:48,Search,LEARNING,[LEARNING] Learning & Development,© > GD > TWePC > Windows (C) > apptation monitoring > Sch application monitoring | © wow @ U ice) D preven,
2026-06-14 20:59:50,Search,LEARNING,[LEARNING] Learning & Development,© 9 + © [GDS RER || wectaie Dy lopacaeniannaes Sas a | Bi documents # Dew Pinned ‘Show all ¥ | rane 9 Macey | mown | Raion Go ® @ ©} @ | Dcatiey # Ben,Bi documents # Dew Pinned ‘Show all ¥ | Dcatiey # Bence “Microsoft Store Photos. P ‘Amazoncom — ExpressVPN— Dropbox | Be laptop moni # eons
2026-06-14 20:59:56,Unknown,LEARNING,[LEARNING] Learning & Development,"1m optaonmentorng x + | cater, | te arp monte | me ams 2260 | me orpicstons | > wnowe | > new eased | © D> TWsPC > Windows(C) > appemlon menitring > |",
2026-06-14 20:59:57,OneNote,LEARNING,[LEARNING] Learning & Development,,OneNote
2026-06-14 21:01:38,OneNote,LEARNING,[LEARNING] Learning & Development,primary bucket,my & not - OneNote
2026-06-14 21:01:52,File Explorer,LEARNING,[LEARNING] Learning & Development,1m opteaionmentorng x + | > @onive | > @onoive | v mmsrc | > wnowe | > new eased | © D> TsPC > Windows(C) > appelon menitring > | Sot ew = | Nome ate,application_monitoring - File Explorer | MB scivy.o9 Meoszms2101— MewoReelCa. 13K | Foor meine \eos2ms2101 Mion alco. 2K | Bree teos2ms2101 aa saetie 2000108 | FB pinay buet 140526204 Mion alco. 18 | Brome OGRE TAG Mann euce 7 | Micon ain 120520261735 Wanows Batnfle 6X | 1B siases exoe 12052061735 Maou Sauce. ae | Bi se neseios ziosamsism rile noe | ‘Search appleation monitoring
2026-06-14 21:02:05,File Explorer,LEARNING,[LEARNING] Learning & Development,> Windows) > ‘Search Windows (2) a | DNs 8 we oe OD Preiew | Saeed poet Roane ess inst ‘stip schomik Pent? polea a Pogam Renan Peogs | a es SSeS Ss SS,Windows (C:) - File Explorer | Saeed poet Roane ess inst ‘stip schomik Pent? polea a Pogam Renan Peogs
2026-06-14 21:02:09,File Explorer,LEARNING,[LEARNING] Learning & Development,> @onoive | v mmsrc | > wnowe | > new eased | Mi tep Mentor | Breer | inertia | ZFQog@o0evPomesGCeravs | Sot ew = | > TWePC > Windows’) > laptop monte,laptop monitering - File Explorer
2026-06-14 21:02:12,Notepad,LEARNING,[LEARNING] Learning & Development,© 5% © D> Tse > Windows (Cd > atop mentatng > Search top monitesing a | as © ree | Be 6 meine; teint ssttsl patie Padi Poste kmpatiine sant (wa wom b+,"work_summary.txt - Notepad | Be 6 meine; teint ssttsl patie Padi Poste kmpatiine sant (wa wom b+ | = 11:22, [LeARUING] [LEARUING] Learning & Development (28 59s) chrome | 26, {ccoms) [CoOmS] coding (1m 35) Brave | 30 [LeAMUino} [eAWING] Learning & Developant (3m 205) rave | 1150"" (Ceamumo] [Leanne] Leaning & Developent (135) Chrome | Po uptep mentor xv Prkeali 9-0-8 | Beate, nape < 1158 Tee) (Cie arin 8 oloment (29) rene | Gee 1% looks Tike you spent most of your time learning and developing your skills, with focus on combinatorics and deadlock handing, You | te watched several YouTube videos on these topics, including lessons from RSD and 2 lecture on deadlock. You also briefly worked on | Gaon Ueetcode problem, but your coding sessions were quite short, totaling only about 2 minites- | mosaic Your tine was split mostly between Learning and developent, with about 51 minutes spent on this, and just a few minutes spent coding. | There were no meetings 50 You had a pretty Focused Dlock of Fine to work‘ Your sks. | 1 notice that you had 2 few context switches, jumping between different YouTube videos and briefly opening File Gxplorer. However, you | me comcorssa4 ‘150 hod sone Tonger focused blocks, ike the 29-minute session where you watched 9 video on combinatorics | te cet const ove thing that stands out to me 15 that you might be spending a Bit too mich time watching videos and not enough time practicing your | G Coding skills, 10's great that you're leaning new concepts, but 18° also laportant to pply then to real problens. | Doe Becconcay. nos For your next session, I'd suggest setking aside a dedicated block of tine to work on a specific coding problem, like a Leetcode | Besar posamster7 —_YetDoaent sve"
2026-06-14 21:02:14,Notepad,LEARNING,[LEARNING] Learning & Development,1 botoe entering x + | © 5% © D> Tse > Windows (Cd > atop mentatng > Search top monitesing a | ; = Be 6 meine; teint ssttsl patie Padi Poste kmpatiine,"work_summary.txt - Notepad | ; = Be 6 meine; teint ssttsl patie Padi Poste kmpatiine sant (wa wom b+ | 11:30 — 11:30 [LEARNING] [LEARUING) Learmng & Development (285) Chrome | fein» Bewoor Fe eo ke jou spent mont of yor Une lesralng andl developing your silo wth focus on cobintories and deadlock tanting. vou | Bvitcos + ‘LeetCode problem, but your coding sessions were quite short, totaling only about 2 minutes. | momoine + Your time was split mostly betwen leaning and develoment, with about 51 minutes spent on this, and Jost 2 fw mines spent coding. | BO Tere ere'no meetings, you had a prety focused lack of Une to work ‘on Your skills. | Nr notice that you had a few context switches, jumping between different YouTube videos and brlefly opening File Explorer. However, you | Beane __slso had Sone Tengen focused blocks, like the Zorninite session were you satched 2 video on ceablnatori®. | a - Beconng ‘One thing that stands out to me is that you might be spending a bit too mich time watching videos and not enough time practicing your | ing stil, Its great tht you're learning new concepts, but it's also important to apply thea o real protien, | ‘hatlenger Tey to mininize conert sltches and stoy focused on the protien st hand This ml help Yor build your coding muscles ond | — ‘norte the concepts you've been earning. | {esti tearming & Development? th tia | ne Bencnsny ice TIVITY TONELNE | Om edo 1:40 [LEABUNG] [LEARING] Learning & Developeent (55) Chrome | insncass aaiscnenion amen OX Windom eR) fo"
2026-06-14 21:02:15,Notepad,LEARNING,[LEARNING] Learning & Development,1 botoe entering x + | © > © O> THePC > Windows (G) > taptop montatng > Seer gt montng a | Onn % © @ me a oo x eee | ; = Be 6 meine; teint ssttsl pati,"work_summary.txt - Notepad | ; = Be 6 meine; teint ssttsl patie Padi Poste kmpatiine sant (wa wom b+ | 1 looks Like you spent most of your tine learning and developing your skills, with a focus on conbinatorics and deadlock handing. You | Ou + watched several YouTube videos on these topics, including lessons from MSO and a lecture on deadlock. You also briefly worked on a | ) Beeman Leeteade problem, bt your coling sessions were quite short, totaling only about 2 minites: | Bostesses Your tine was split mostly Between Learning and developent, with about 5t minutes spent on this, and just a few minutes spent coding. | nti Bcsee There were no acetings, 30 you hod a pretty focused back of tine to work on your skills. | Besier —*) acensoy _T-not ice that you had a fox context sutches, Jumping betwen different YouTube videos and briefly opening File Explore. However, you | 150 had some Tanger focused blocks, ike the 2o-einite session where you watched 9 video on conblatories. | g cone thing that stands out to me 15 that you aight be spending a Bit too much time watching videos and not enough time practicing your | ding stills: It's great that you're learning new concepts, bvt it's also important to apply then to real prblens> | . or your next session, 1'd suggest setking aside a dedicated block of tine to work on a specific coding problem, like a Leetcode | oe Msteononer challenge. try to minimize context switches and stay focused on the problen at hand. This will help you build your coding muscles and | reinforce the concepts you've been learning. | > Be mec Dard acravrry imeLINE | soy cond es [LEARUNG) [LEARNING] Learning & Development (5s) chrome | Search window ties, | DS Neneure i vorksunnny 1306520061817 Tet Document ery"
2026-06-14 21:02:24,Notepad,LEARNING,[LEARNING] Learning & Development,fm ectp mente x + | « © D> TWePC > Windows (C) > loptop montrng > Searchaptop monteing | One % © @ a . | O P Rvciney FE View Wy ey BTS 0 B® | Brews ¢,"work_summary.txt - Notepad | - 18:40 ~ 18:40 [LEARWUNG] [LEAWING] Learning & Developeent (55) chrone | Search window ties, | Demian 10:30. [LEAING] [LEARHING] Learning & Development (15h 498) Laptop Ponitor (be) | ae 1 [LEARING) [LEARUNG] Learning & Development (295) chrome | Bowe 21 — 40:9 [LeaMne] [LEAKING] Learning & Development (6s) Fle Explorer | Mcenice 21 — 10:31 [LEARUING) [LEARNING] Learning & Development (7) Chrome | eee 30:21 — 10:22 [LEAWING] [LEADING] Learning & Developeent (3m 14s) chrome | oman) § 30:22 ~ 10:95. [LEARING] [LEAWING] Learning & Developrent (2m 415) chrome | denis: 20:35 ~ 10:44 [LEARUNG) [LEARNING] Learning & Development (2m 7s) chrome | Bron ‘e:44 — 40345 [LEARNING] [LEAWIING] Learning & Development (11s) Fle Explorer | ‘0:46 — 11:07 [LEMMING] [LEAWUING] Learning & Development (208 40s) Chrome | u:07 — 11:10 (LEMBING] [LEARNING] Learning & Development (38 46s) chrone | spas ‘14HH1 11:11 [LeARUMNG) [LEARUG] Learning & Development (38s) rave | Cena Lecture a what is Deadlock | Mevomann Tronic) Teontuel fadine (186) Baer | Bousernacges RCH Ma82chances Pinte 10% Windows CRN urs"
2026-06-14 21:02:25,Notepad,LEARNING,[LEARNING] Learning & Development,1 botoe entering x + | « 4% D> THiePC > Windows’) > lptop monteing > Search laptop monitrng a | 75 ACCS ¢ MULCUMa) Dexntsl ating! — prc Pome Po Produc,"work_summary.txt - Notepad | 75 ACCS ¢ MULCUMa) Dexntsl ating! — prc Pome Po Produc Pro apart (use astint work X workin + | Brae * 95 — toree [Lewutne] [LEARN] Learning & Developsent (9875) chrone | Ou + a4 — 40:45, [LEARWING) [LEARUING] Learning & Development (11s) File Explorer | Wvcen + 46 — 44:07 [LEARING] [LEARUING] Learning 8 Development (208 40s) Chrome | ee 07 ~ 11:30"" [ceAMUmG] (LEADING) Learning & Development (28 463) Chrome | te ace monte ‘C""ecture at: hats Deadlock Necessary | asain ot ‘combinatorics Ieetcode x0 | eee) G2 sasa2 — 31226"" [Learns] [LEABIG] Learning & Development (48 13) Crone | ""Hsin [cea [cent Carnie Development (im 208) ch | setae sasa6 — 31547 ""[Leatune) [LeABimn] Learning & Development (1m 225) Chrome | olise knows nicharison | Bm 17 = itn’ (Leatno] (LeAtaTNG} Learning & Development (265) quick settings [be] | '18 — 11:22 [LEARIING) [LEARUING] Learning & Development (2m 595) Chrome | vowaey 28:25 — 12:26 [CODING] [COOING] coding (am 3s) Brave | > mos DB scxoue 11126 — 1158 [Leame} [eAmIING) Leoring & Developeet (98 28) brave | > @ombive secondo. tu: 44339 — 31390. [LEARUING] [LEARING] Learning & Developaent (135) chose"
2026-06-14 21:02:26,Notepad,LEARNING,[LEARNING] Learning & Development,1 botoe entering x + | « 4% D> THiePC > Windows’) > lptop monteing > Search laptop monitrng a | Om % © ® —_+- - OD Preiew | 75 ACCS ¢ MULCUMa) Dexntsl,"work_summary.txt - Notepad | 75 ACCS ¢ MULCUMa) Dexntsl ating! — prc Pome Po Produc Pro apart (use astint work X workin + oN | Bre + 11:37 ~ 11:38 [LEARITNG] [LEARING] Learning & Development (36s) chrome | ree + 11:38 — 11:41 [LEARNG] [LEARUING] Learning & Development (3m 345) Brave | a1;aa = 11:45 [LEARING] [LEARING] Learning & evelopnent (1m 225) Chrome | 11:45 — 11:56 [LEARUNG) [LEARIING] Learning & Development (108 275) Brave | Betty + ‘Sere 2: whats Dessoce] | 11:56 — 11:57 [LEARUNG) [LEARING] Learning & Development (1m 145) Chrome | te eptp monte 19 Laptop nonttoR autos nds | we 11:57 ~ 12:05 [LEARNING] [LEARUING] Learning & Development (5m 175) Brave | me sppicton# 12:04 ~ 12:04 [LEANING] [LEAWING] Learning & Development (8s) chrove | ‘9% unsbleto generate teas: | mesa tor 12:06 — 12:10 [LEARNING] [LEARWING] Learning & Development (2m 475) Chrome | ‘yy x unsbleto generate te-cass | Jas = 12:15 Keane] Lene) tanning & Development (4m 18) tre | > Deere) Door 2:15 = 12:15"" [CooING] [CoomNG] Coding (21s) Brave | Aina uce wT eect 2 bats Deadock | 12:15 ~ 12:16 [LeAWUTNG] [LEAWING] Learning & Development (44s) Brave | conta ucts 1216 = 12:16 [CODING] [CODING] Coding (125) Brave | eaD ame regyes WSSCASS A722 niet 10% Windows CRN urs | Ewan sre reoeamsiet2 _Pyoansouce ile a | DS Neneure i vorksunnny 1306520061817 Tet Document ery"
2026-06-14 21:02:28,Notepad,LEARNING,[LEARNING] Learning & Development,1 botoe entering x + | © 5% © D> Tse > Windows (Cd > atop mentatng > Search top monitesing a | ; = Be 6 meine; teint ssttsl patie Padi Poste kmpatiine,"work_summary.txt - Notepad | ; = Be 6 meine; teint ssttsl patie Padi Poste kmpatiine sant (wa wom b+ | 1 looks ke you spent most of your tine learning and developing your skills, with a focus on combinatorics and deadlock concepts. You | Brcuc: ¢ Masini atehed YouTbe v1deon on these topics, including Lessons fram MSO, and explored Felatedprobless on LetCode, You aso briefly worked on | Coding exercises, specifically a problem related to deadlock. | Bejan Your time was split mostly between Learning and development, with about 1 hour and 11 minutes spent on this, and only about 2 minutes | Bre 9) 8 Spent on actual coding. There were no meetings, 50 It was a solo work Session. | , the sequence of activities was a bit choppy, with many context switches between different resources and toples. You'd watch a video, then | Bain + quickly sulteh to a coding exercise, and then Jump back to learning again, This might have made It hard to dive deep into any one topic. | ‘SS one thing that stands out 15 that you seemed to struggle to stay focused on coding, wlth most of your time spent on learning and watching | Beene videos. ""This might Indicate that you're still bullding your foundation In these areas, whlch 1s totally fine. | Romy For your next session, try to set aside a dedicated block of time for coding, without any distractions or context switches. This will help. | aaconns You make progress on actual problens and exercises, and reinforce your learning. | Brinn Yard — 18:40 [LEARUING] [LEARUING] Learning & Development (55) Chrome | > pus Brcsove {6 Laptop noun | 18:40 vesesessrveeeseee 10:30 [LEADING] [LEADING] Learning & Development (15h 49m) Laptop Honitor bg) | DO WBcnsoypuse 10:30 10:31 [LEAMIING) [LEARITNG] Learning & Development (29s) chrome"
2026-06-14 21:02:29,Notepad,LEARNING,[LEARNING] Learning & Development,"fm ectp mente x + | © 5 © D> TPC > Windows(C) > laptop monitring > Search ptop moiteing a | 7 aC Be cue, tetintsh satel — patente Pode Roda Pe ingore","work_summary.txt - Notepad | 7 aC Be cue, tetintsh satel — patente Pode Roda Pe ingore ast (wor) wen b+ | poorer 2 = 12:34 [LEARUING] [LEARUING] Learning & Development (1m 15s) chrone | Brae + 6 Laptop rouTTOR | Search window thes, h | re Bester Te Tooke Like you spent most of your tine learning and developing your skills, with a focus on combinatorics and deadlock concepts. You | Besvoinmrer watched YouTube videos on these topics, incloding lessons fron M50, and explored related problems on LeetCode, You also briefly worked on | He ecm ting exerciser, specifically a problem related to deadlock. \ | cue Your time was split mostly between learning and developent, with about 1 hour and 11 minutes spent on this, and only about 2 minutes | Bain + Spent on actual coding. There were no meetings, so it was a’solo work session. | te ace monte ‘the sequence of activities was a bit choppy, with many context switches between different resources and topics. You'd watch a video, then | Beco quickly switch to a coding exercise, and then jump back to learning again. This might have made it hard to dive Jeep into any one topic. | cD fone thing that stands out is that you seemed to struggle to stay focused on coding, with most of your tine spent on learning and watching | plsasacos videos. This might indicate that you're still building your foundation in these areas, which is totally fine. | WLsiop Mon” For your next session, try to set aside a dedicated block of time for coding, without any distractions or context switches. This will help | you make progress on actual problems and exercises, and reinforce your learning. | FBrcimay.duset — [Leatna] Learning & Development: th aim | Dard aerivery rineuaNe | cond es 18:40 [LEARWING] [LEARUING] Learning & Development (55) Chrome | Chol 129 Laptop moxtToR | Search window thes, | Bousernacge RCH 2s2crances inten can"
2026-06-14 21:02:39,Notepad,LEARNING,[LEARNING] Learning & Development,"« 4% © D> TWisPC > Windows (C) > laptop monterng > Seerehptop moiteing a | 7 aC Be cue, tetintsh satel — patente Pode Roda Pe ingore ast (wor) wen b+","work_summary.txt - Notepad | 7 aC Be cue, tetintsh satel — patente Pode Roda Pe ingore ast (wor) wen b+ | . + ‘the sequence of activities was a bit choppy, with many context switches between different resources and topics. You'd watch a video, then | quickly switch £0 a coding exercise, and then jump back to learning again. This might have made it hard to dive deep into any one topic. | 0 fone thing that stands out is that you seemed to struggle to stay focused on coding, with most of your tine spent on learning and watching | Wivien + ideos. This might indicate that you're still building your Foundation in these areas, which is totally Fine. | monone For your next session, try to set aside a dedicated block of tine for coding, without any distractions or context switches. This will help | Ces 2 you make progress on actual problens and exercises, and reinforce your learning. | {Ceatacy Learning & Development: th sim | 18:40 ~ 18:40 [LEAWUING] [LEARING] Learning & Development (5s) chrone | search window thes, | ses40 « “Ye:20 (LEAN) [LEADING] Learning & Development (25h 49m) Laptop Monitor (be) | 10:30 ~ 10:31 [LEARIING] [LEARING] Learning & Development (29s) chrome | 10:31 ~ 10:31 [LEARNING] [LEARUING] Learning & Development (6s) File Explorer | 10:31 ~ 10:31 [LEANING] [LEAWING] Learning & Development (7s) chrove | 10:31 — 10:32. [LEARING) [LEARUING] Learning & Development (1m 145) Chrome | Bousernacges RCH M2s2cances Pinte 10% Windows CRN urs"
2026-06-14 21:02:40,Notepad,LEARNING,[LEARNING] Learning & Development,1 botoe entering x + | « 4% D> THiePC > Windows’) > lptop monteing > Search laptop monitrng a | 75 ACCS ¢ MULCUMa) Dexntsl ating! — prc Pome Po Produc,"work_summary.txt - Notepad | 75 ACCS ¢ MULCUMa) Dexntsl ating! — prc Pome Po Produc Pro apart (use astint work X workin + | Soca “:s2 14:44 (LAAWNG) [LEAQUNG] Learming & Development (R338). Corone | search indo ties, h | ssa — 12535 [Leanne] [LEAR] Learning R evelopment (8285) brave | ice 6 Bee errs eon sloessee NSIS > | Beveinmoe 25 ~ 12543 [Leawine) [Leave] Learning & Development (78358) rave | msceteeso: azs4p — 125 [LeAnne] [LeAmNG} Learning Development (425) Chrome | a Roem enten rato | ae suas — 12557 [Lean] [LEAR] Learning & Development (138558) Brave | chlecire 2: what iedessoce | 8 12ss7 ~ 32359 [eanns} [LAG] Leoring & Development (20 105) Chrone | seme Im vonletogereate rece: o clpnarceten | wong 1b:00 = 1:09 [Lenn] [LAME] Learning 4 evelopment (am 595) brave | — [rehuecire 2: stat tebessoce] [ra ite | Bessoces 13:09 ~ 13:09"" [LeaoNs) [LEAH] Learning & Development (8) Chrome | toe sase9 - 13203 {Leste} {LeMing] Learning & bevelopent (75) otepad (be) | nme Lite — 13-12 [Leamne) [Leama] Learning & Developeent (2e 375) Brave | comers nr aay — 13817 [Leamng) [Leamne] Learning Developeent (35s) chrone | 5 ered) Cell ten rato | aasiy = 13821 [Leamme) [Leate] Learning k evelopment (28495) trave | ia = 13:21 [Leawune} [LEARUWG] Learning &Developeent (105) chrone | Maem OF aptep wonton “areheshiogs [Tot care | es coc aninn 13:21 — 43822"" TLEARMNG] TLEARITNG] Learning & Development (1m 1s) erave"
2026-06-14 21:02:42,Notepad,LEARNING,[LEARNING] Learning & Development,1 botoe entering | © D> TsPC > Windows(C) > laptop menting > | L dowicats # | Name | Bi dccoens # — Rcivn.og | Brcuwes ¢ — Mecivysincie | Hives 9 | Bo,"work_summary.txt - Notepad | mans Bi oexp Mone: | 12:22 — 12:25"" [Lewwuna] [LEARNING] Learning & Developeent (28 25) Brave | (Ge (tere 2: What is Deadock | 12:30 — 12:30 [LEAMWING] [LEARNING] Learning & Development (10s) Brave | 2:32 — 12:34. [LEMBUING] [LEARUING] Learning & Developeent (18 15s) chrone | Search window ties, | 2:34 — 12:95 [LEARLING] [LEAWIING] Learning Development (1m 28s) Brave | ‘SC opecire 2: thats Dessock | 12:35 — 12143 [LEMMING] [LEAWIING] Learning & Developaent (7a 25s) Brave | ‘SC oecire 2: whats Dessock | 42:43 — 12:43. [LEAMWING] [LEAWIING] Learning & Development (425) chrome | 2:43 — 12:57. [LEARIING] [LEARIING] Learning & Development (138 55s) Brave | ‘TV evecine 2: what Seoessoce] ie [A ite | 12:57 — 12:59 [LEARUING] [LEARUING] Learning & Development (28 205) chrone | ‘inc vowietogereate rece: x [8 cipnorceten | 13:00 — 13:09. [LEARLING] [LEAWUING) Learning & Development (88 595) Brave | ‘TV envecine 2: uhat Seoessoce] ie [A ite | 13:09 — 13:09 [LEAWING] [LEARNING] Learning & Development (8s) chrome | 12:09 - 13:09 [LEADING] [LEARING] Learning & Development (7s) Notepad [be] | 13:10 ~ 13:12 [LEARLING] [LEARIING] Learning & Developeent (2m 37s) Brave | aasa7 — 25317 [LEARING]_[LEARIING) | 44 MULcuMay Detentet astirp! pace sre Pdi Po Posie Pr import (use ate | Search laptop monitrng"
2026-06-14 21:02:44,Notepad,LEARNING,[LEARNING] Learning & Development,1 botoe entering | © D> TsPC > Windows(C) > laptop menting > | L dowicats # | Name | Bi dccoens # — Rcivn.og | Brcuwes ¢ — Mecivysincie | Hives 9 | Bo,"work_summary.txt - Notepad | mans Bi oexp Mone: | «mucin, venentsl ating pricier Pedi Po Product Po inport (use astiat work X works» | Search laptop monitrng | ‘or your next session, I'd recomend setting aside a dedicated block of tine for coding, say 20 minutes to an hour, and try to aininize | context suitches during that time, This will help you build momentum and make progress on your coding goals. | [Learns] Learning & Development: ah 37m | 48:40 — 18:40 [LEAWING) [LEAWIING] Learning & Development (5s) Chrome | Search window ties, | 18:40 10:20 [LEARNING] [LEARNING] Learning & Development (15h 49m) Laptop Monitor (bel | 11:30 — 10:31 [LEARING] [LEARIING] Learning & Development. (295) chrome | 0:31 — 20:31 [LEARIING] [LEARUING] Learning & Developrent (6s) File Explorer | 0:31 — 10:31 [LEARUING) [LEARNING] Learning & Development (7s) chrome | 0:31 — 20:32 [LEARIING] [LEARUING] Learning Development (18 245) chroe | 10:32 — 20:35 [LEARIING] [LEARING] Learning & Development (28 415) chrone | 10:35 — 20:48 [LEARIING] [LEAWIING] Learning & Development (98 75) chrose | ‘e:44 — 40345 [LEARNING] [LEAWIING] Learning & Development (11s) Fle Explorer | aca n22emnces Pinte 10% Windows CRN"
2026-06-14 21:02:46,File Explorer,LEARNING,[LEARNING] Learning & Development,boo menteing x | © 5% © (> THRE > Wedom te) > top meting > Sat ep erg a | ww % O @Q@ @ OB Wson-~ BVew- ve Oo | ‘Lvowicess # | Mame . ate moses Type ee,"laptop monitering - File Explorer | Mame . ate moses Type ee | Bevan # Macey esate — Mmenedco.—88e8 | Sone eeaatiee owned. eb | enone —_ eeeaatien nominate 78 | Ley WE ceanjog 13-06-2026 1711 “Microsoft Excel Co.- omKs | CIS Bi ccaner 12-06-2026 1812 ‘Python Source File or | Basse ME Laptop Monitor 12-06-2026 1715, Weedows Baton File 1K8 | Rimmer pean — ontrack | 2 Stereo! [Dvokmmay BRR RTT Tonnes]"
2026-06-14 21:02:52,Unknown,LEARNING,[LEARNING] Learning & Development,~ © covmssse XW Meet-p-atote — @ XB AK -Grogcout % © Uptep Mentor x + + Ask Gein | © > © © kexaoss00 Be oF | @ Laptop MONITOR | (© Meet co. 8 pay -Gio,Laptop MONITOR] 19© cornassoeX]Metcpetote— _ Meniorx | @ Laptop MONTOR _Uplep Mentors + rkami-9x | Gosia © Uptep Menton Pksmit&x [vor et mermon amoonnconmeni | @ Laptop MONITOR Sony
2026-06-14 21:02:53,Chrome,LEARNING,[LEARNING] Learning & Development,"@ Laptop MONITOR | Search window ties, highlights, OCR tet | ‘torceahin | To aphees 9684 | | United Notepad seach Seach sppeaton monitoring Fe poner |","Laptop Monitor | Search window ties, highlights, OCR tet | United Notepad seach Seach sppeaton monitoring Fe poner | ¥mmste {6 ptoon maton x | indoms (0) > appatin monitoring > Search rmortoring > 705 one [> wnowe | Search ppliton montering | [cocnzo0xromta CREAN"
2026-06-14 21:02:54,Chrome,LEARNING,[LEARNING] Learning & Development,"@ Laptop MONITOR utoteesh nds | Tot capt 1972 | Search window ties, highlights, OCR tet | Luptop mantering File oer ws smart - Notepad work summary No","Laptop Monitor | @ Laptop MONITOR utoteesh nds | Search window ties, highlights, OCR tet | Luptop mantering File oer ws smart - Notepad work summary Notepad | Grogcoit © Uptep Menor + AdkGein | HAoBe@eccwomed OCRFENE"
2026-06-14 21:02:57,Notepad,LEARNING,[LEARNING] Learning & Development,1 botoemontering x | © © D> TwwPC > Windows (C9 > lptop montring > ‘Seoch ptop montering a | nw XO @ CO Nee Btw mei | Lomas | a see | Bocce: # — Rlocn,work_summary.txt - Notepad | Bocce: # — Rlocnnon possesion — Micon elo. 15518 | Brace Mx smaoe esas HS Mico elo. 1D
2026-06-14 21:02:58,Notepad,LEARNING,[LEARNING] Learning & Development,1 botoe entering | © D> TsPC > Windows(C) > laptop menting > | L dowicats # | Name | Bi dccoens # — Rcivn.og | Brcuwes ¢ — Mecivysincie | Hives 9 | Bo,"work_summary.txt - Notepad | mans Bi oexp Mone: | «mucin, venentsl ating pricier Pedi Po Product Po inport (use astiat work X works» | Search laptop monitrng | ‘or your next session, I'd recomend setting aside a dedicated block of tine for coding, say 20 minutes to an hour, and try to aininize | context suitches during that time, This will help you build momentum and make progress on your coding goals. | [Learns] Learning & Development: ah 37m | 48:40 — 18:40 [LEAWING) [LEAWIING] Learning & Development (5s) Chrome | Search window ties, | 18:40 10:20 [LEARNING] [LEARNING] Learning & Development (15h 49m) Laptop Monitor (bel | 11:30 — 10:31 [LEARING] [LEARIING] Learning & Development. (295) chrome | 0:31 — 20:31 [LEARIING] [LEARUING] Learning & Developrent (6s) File Explorer | 0:31 — 10:31 [LEARUING) [LEARNING] Learning & Development (7s) chrome | 0:31 — 20:32 [LEARIING] [LEARUING] Learning Development (18 245) chroe | 10:32 — 20:35 [LEARIING] [LEARHING] Learning & Development (28 415) chroe | 40:35 — 20:48 [LEARIING] [LEAPING] Learning & Development (98 75) chrone | TLEARING] [LEARNING] Learning & Developeent (11s) File Explorer | ecu n2zewnces Pinte 10% Windows CRN"
2026-06-14 21:02:59,Notepad,LEARNING,[LEARNING] Learning & Development,"1 botoe entering x + | © 5 GD > TiseC > Windows) > laptop montering > Search laptop monitrng a | Onn % O @ en re | Be cue, tetintsh satel — patente Po","work_summary.txt - Notepad | Be cue, tetintsh satel — patente Pode Roda Pe ingore ast (wor) wen b+ | creating st - ooogle seare | Bre # 13:24 — so:25_ [Leatums) [LEADING] Learning & Development (18 53) Chrome | Ou + 13:25 ~ 13:25. [LeaMo) [LEABIIIG Learning & Development (85) Brave | 0 5 ‘Sm onecirext nated? (Of toconbis] He) on | 13:29 — so'32 [Leanne] [LeAMIG] Learning & Development (98 253) Brave | moon Cestsror = prttecommattys. ect acs cet | Baty + 1 looks 1ike you spent most of your time learning about combinatorics, deadlocks, and related topics on YouTube, with a brief dip Sato | Mceovos Coding on LetCode, You worked of understanding concepts Ike necessary conditions for deadlocks and handling methods, hich Is great | g Nowever, your coding time was Iiaited to Jost under 2 minites, whlch 1s 9 shame | ig Your tine was split mostly Between Learning and developaent, wlth coding taking a backseat. I notice that you had 9 lot of context | . . Suitches between different resources, including YouTube, Chrome, and Oravey which might have disrupted your flow. Tere were some focused | Bawsnoud _locksy Like when Jou spent 20 nutes learning about combinatorics on YouTube, but overall, your activities seemed gulte fragmented, | mustp sent one ening that stands out to me 15 that you seemed to struggle to maintain focus on single task for an extended period. You had may | ane Store bursts of activity, stich aight indiate that you were getting distracted or losing interest | > mcoucorssas] Rmower For your next session, I'd recomend setting aside 9 dedicated block of time for coding, say 20 minutes to on hour, and try to miniaize | : 2 ___ Context suitehes during that time, This will help you bulld momentum and make progress on your coding goals. | Doe excontn.suie [Lean Learning & Development: ah 97# | Besar posamster7 —_YetDoaent sve"
2026-06-14 21:03:02,Notepad,LEARNING,[LEARNING] Learning & Development,"1 botoe entering x + | © 5 GD > TiseC > Windows) > laptop montering > Search laptop monitrng a | Onn % O @ en re | \ a Be cua, venentsl astrpl —prcien","work_summary.txt - Notepad | \ a Be cua, venentsl astrpl —prcienene Pedi Po Product Pro npart(use asteat work X workin + | LJ 3 = 13:23 LEARNING] [LEARNING] Learning & Development (27s) chrome | ~ 13:28 [LenS] [LEAWANG] Learning & Development (298) Chrome | cresting at oogle Seare | Bcoinmne 13124 = 33225. [LEAMING] [LEARITNG] Learning & Development (18 53) Chrome | Wives: + TY) x unatLeto generate tee cox [a carat | Bbetreocse 15:25 = 13:25 [LEAKING] [LEARIHG) Learning & Development (85) srave | Bowe sm onecireat nated: (0k toconbis] He) on | Bain + sia = 13132 [ueamne) [LEARUIWG] Learning &Developeent (28255) Brave | Reoney ‘Ceststev = prteconmattvs. Ger 5c cat | Bene Te looks Like you spent most of your tine learning about combinatorics, deadlocks, and related topics on vouTube, with 2 brief dip into | g yng coding on LeetCode, You worked on understanding concepts Like necessary conditions for deadlocks and handling methods, which fs great. | . owever, your coding tine as limited to just under 2 mines, which 1s 9 shane. | mosaic Your tine was split mostly between Learning and developent, with coding taking a backseat. I notice that you had 9 lot of context | Wmopson Suitehes between different resources, incloding YouTube, Chone, and Oravey which might have disrupted your flow. there were some focused | ane locks, ike when you spent 20 minutes learning about cnblnatorics on YouTube, tut overall, your activities seemed quite fragmented. | > mcoworsst] Rlnonir one thing that stands out to me that you seemed to struggle to maintain focus ona single task for an extended period. You hd many | : Store bursts of activity, wich might indicate that you were getting distracted or Losing interest. | rescue FOF YOU next session, I'd recomend setting aside 2 dedicated block of tine for coding, say 20 minutes to an hour, and try to mininize | > Bruca context sitches during that time, This will help you build momentum and make progress on your coding goals. | *eomnre ninco ait chance 108 Win ure | Besar posamster7 —_YetDoaent sve"
2026-06-14 21:03:03,Notepad,LEARNING,[LEARNING] Learning & Development,1 botoe entering x + | « 4% D> THiePC > Windows’) > lptop monteing > Search laptop monitrng a | ¢ MULCUMa) Dexntsl ating! — prc Pome Po Produc Pro apa,"work_summary.txt - Notepad | ¢ MULCUMa) Dexntsl ating! — prc Pome Po Produc Pro apart (use astint work X workin + | Ges 3 11:30 — 31538"" [Lenmne] (LeAaNG) Learning & Development (128) chrome | Ou + 11:30 ~ 31:30 [Lene] [LEAMINE) Leaning Development (288) chrome | Bien + 1is33 = 11339 “TLeaMo] [LeAWIG] Learning & Development (18445) Chrome | ‘a vowlerogereats rece: [8 clonor seen | cern 9 {ueate] (LEARING) Leaning & Development (28358) Brave | 1:37 — 31:38” [LenMUNG) (LEAKING) Learning & Development (268) chrome | tata mont Ov) x unateto generate tte cox | [LEARN] [LEARWING] Learning & Development (1m 225) Chrome | ‘yy x unsbleto generate te-cass | 11:45 — 11:56 [LEARNG) [LEARVING] Learning & Development (108 275) Brave | ‘were 2: whats Dessocel | 11:56 — 11:57. [LEARUNG) [LEARING] Learning & Development (1m 145) Chrome | 19 Laptop nonttoR autos nds | Bl montor 11:57 — 12:05 [LEARNING] [LEARNING] Learning & Development (5m 175) Brave | Frcs sa:04 — r2e04 [LEABIING) [LEARIING] Learning & Development (8s) chrome | > mca Brcsove 9x unsbleto generate teas: | : 12100 — 12:10"" Leanutie} [LEAMUG] Learning & Developaent (28475) chrone | f Msco.nem 12810 — 12:45"" (LEADING) [LEADING] Learning & Development (4m 165) Brave | 2 eee toon sacs 128. Painter Wino mun ura"
2026-06-14 21:03:04,Notepad,LEARNING,[LEARNING] Learning & Development,"1 tos moneing x + | © © D> THRE > Windows (C9 > lptop montrng > Seach atop moniting a | 7 aC Be cue, tetintsh satel — patente Pode Roda Pe ingore ast","work_summary.txt - Notepad | 7 aC Be cue, tetintsh satel — patente Pode Roda Pe ingore ast (wor) wen b+ | Some 6 Laptop nourron | Bi maym TE 100k Tike you spent wost of your time Learning and developing your skills, with a focus on combinatorics and deadlock concepts. You | Ou + watched YouTube videos on these Xopics, including Lessons from R50, and explored related problems on LeetCode. You also briefly worked on | Beveinnoer Coding exercises, specifically a problem related to deadlock. | SPP Your time vas split mstly betwen leruing and development, with about 1 hour and 11 mimstes spent on this, and only stout 2 mimites | Bouse went on actual coding. There were no meetings) s0-it was a'sol0 work session, | Led Mccuriy The sequence of activities was a bit choppy, with many context switches between different resources and topics. You'd watch a video, then | g Auickly switch to a coding exercise, and then jimp tack to learning again. This might have made it hard to dive deep into any one topic. | g fone thing that stands out is that you seemed to struggle to stay focused on coding, with most of your tine spent on learning and watching | . en) Videos, This might indicate that you're still building your foundation in these areas, which 1s totally fine, | For your next session, try to set aside a dedicated block of time for coding, without any distractions or context switches. This will help | Mussoorie: you make progress on actual problems and exercises, and reinforce your learning. | Miocene ENING] Leaning & Development: xh 21m | Brsoue aerivery rineuaNe | 24 — 18:40. [LEARNING] [LEARKING] Learning & Development (58) Chrome | cond es (6 Laptop noutToR | Search window thes, | Awi49 sesesesneeresess 10:30 [LEARWING] [LEARNING] Learning & Development (35h 490) Laptop Monitor [bs] | Bousernacges RCD Maszcances Pntet 10% Windows CRA urs"
2026-06-14 21:03:06,Notepad,LEARNING,[LEARNING] Learning & Development,"1 botoe entering x + | © 5 GD > TiseC > Windows) > laptop montering > Search laptop monitrng a | Onn % O @ en re | \ a Be cua, venentsl astrpl —prcien","work_summary.txt - Notepad | \ a Be cua, venentsl astrpl —prcienene Pedi Po Product Pro npart(use asteat work X workin + | rca —# — MBacvnsicine 3:22 — 12:25. [LEARNING] [LEARIING] Learning & Development (3m 2s) Brave | uc + 12:30 ~ 12:30 [LEAMIING] [LEARNING] Learning & Development (105) Brave | Bvcinpocene, 12532 ""12554. [LEADING] [LEADING] Learning & Development (1m 155) Chrome | monone Se Laptop nourTon | search window ties, | Bain + 1 Looks 1ike you spent most of your tine Learning and developing your skills, with a focus on combinatorics and deadlock concepts. You | FBccnioo watched YouTube videos on these topics, incloding lessons from M50, and explored related problems on LeetCode. You also briefly worked on | g Coting exercises, specifically 2 problem related to deadlock, | ong ‘Your tine was split mostly between learning and developsent, with about 1 hour and 11 minutes spent on this, and only about 2 minutes | Spent on actual coding. There were no meetings, s0°it was a s0l0 work session, | me sso muctopvome Te Sequence of activities was a bit choppy, with many context switches between different resources. and topics. You'd watch a video, then | Auickly switch to a coding exercise, and then jimp tack to learning again. This might have made it hard to dive deep into any one topic. | fone thing that stands out is that you seemed to struggle to stay focused on coding, with most of your tine spent on learning and watching | Mmontor videos. This might indicate that you're still building your foundation in these areas, which is totally fine. | > tmowwe cast! Mriman-nte for your next session, try to set aside a dedicated block of tine for coding, without any distractions or context switches. This will help | > pus i rcroue YoU make progress on actual problens and exercises, and reinforce your learning."
2026-06-14 21:03:12,Notepad,LEARNING,[LEARNING] Learning & Development,1 botoe entering x + | « 4% D> THiePC > Windows’) > lptop monteing > Search laptop monitrng a | ¢ MULCUMa) Dexntsl ating! — prc Pome Po Produc Pro apa,"work_summary.txt - Notepad | ¢ MULCUMa) Dexntsl ating! — prc Pome Po Produc Pro apart (use astint work X workin + | ees 40:35 — soset ”[Leatuie] [LEARAG] Learning & Development (98 75) Chrome | [Lewine] [LEARN] Learning & Developaent (18) File Explorer | 0:46 — 31:07 [Leanne] (LeARHIG] Learning & development (208 40s) Chrome | Cen 6 susey — 31220"" [Leatus] (LeABWG] Learning & development (28 463) Crone | te ace monte 21 — 11 [LeARUNG] [LEARNING] Learning & Development (385) eave | ‘C""ecture at: hats Deadlock Necessary | enon 16 — 11:17 ""[Leamne) [LEARN] Learning & Developsent (IR 225) chrone | olise knows nicharison | 17 + itn’ (Leatno] (LeAttNG} Learning & Development (265) quick settings [be] | Bl newer a — tise [Lexmuo] [LEADING] Learning & Developent (28 59) Chrone | Mrimnowcct 43195 — a4:26 [co0!Ne) [COON] Coding (2m 36) Brave | > mca rezone vce a1) = youeconfenitteoch uryconbina | 13:26 — 31:30 [Leanne] [CeABAG] Learning & Development (28 203) srave | : Mans onsn 129 12530"" [CEARUING] [LEARUING] Learning & Development (135) Chrose | 2 oom toon nu.canT seta ounces painter Wino mun ura"
2026-06-14 21:03:14,Notepad,LEARNING,[LEARNING] Learning & Development,1 botoe entering x + | « © D> TWePC > Windows (C) > loptop montrng > Searchaptop monteing a | Ou % © ® — ++ ~ gy Pein | ; = + MLC; bet stat steph pce,"work_summary.txt - Notepad | Bowe [teseine} Learning & Development: sim 505 | Reoney scravery vaneune | g 18:40 — 19:40 [LEARNING] [LEARUING] Learning & Development (5s) chrone | Search window ties, | cag “e:30. [Leawvine] [LEAQING) Learning & Development (35h 498) Laptop Monitor (be) | a 30 — 10:31 [LEAMING] [LEAKING] Learning & Development (29s) Crone | meena one 10531 10:51. [LEAMIING] [LEARIING] Learning & Development (65) File Explorer | oes \'0'> ao > wishe > windows) > Laptop monte | Bm 40:31 10:31 [LEARNING] [LEARNING] Learning & Development (7s) chrone | > mcoucorssat] Brower 10:31 = 10:32 [LEAMING] [LEAKING] Learning & Development (Im 148) Chrome | 10:52 = 10:35 [LEARING] [LEAWING] Learning & Developnent (2m 415) chrome | 10:25 ~ s0:4e [LEAMING] [LEARING] Learning & Development (98 73) Chrome | Se. Mopancson 10:44 — 40:45. TLEAWNG] TLEABLING] Learning & Develoosent (11s) File Exalorer | Semme! ao rosamsies2 —_FyoanSoucefi 1"
2026-06-14 21:03:17,Notepad,LEARNING,[LEARNING] Learning & Development,"fm ectp mente x + | © > © O> THePC > Windows (G) > taptop montatng > Seer gt montng a | Onn % O en ee CD Preview | ry r = Be HILL CUMS, best frstpl a.","work_summary.txt - Notepad | Br por lcoing selene waralaritw ety totaling oly ave 2 wer . | Qin, + Bmw Your tine mas split mostly beteen Learning and develoment, with about 51 minutes spent on this, and Just a fw minutes spent coding. | i There vere no meetings, #0 Yourhad a prety focused block of time to work on Jour skis. | monoie also od sone Tanger focused blocks, ike the o-einite session where you watched 9 video on coablntorics. | Bcotey + One thing that stands out to me is that you might be spending a bit too much time watching videos and not enough time practicing your | mooen Coding skills. 1°5 gent hat you're Tearing ne concept bat ft°5 also portant to apply then to real robles. | TOON For your next session, 1°4 suggest setting aside 2 dedicated block of tine to work on a specific coding problen, Like 2 Leetcode | Bows challenge. try to mininize context switches and stay focused on the problem at hand. This will help you build your coding muscles and | ‘reinforce the concepts you've been learning. | Bron [Leamitns] Learning & Development: ah 1am | Boner ACTIVITY TIMELINE | WBpriney pur ‘1840 — 18:40 [LEAMUTNG] [LEANING] Learning & Developeent (Ss) chrome | search window ties, | Brcxone cscosssteeresnsss 10:30 [LEARNING] [LEARMING] Learning & Development (25h 49a) Laptop Monitor (bs) | 10:51 [LEARUING] [LEARUING] Learning & Development (295) Chrome | sexe ain 1 = 10:31 TLEARIINGT TLEARIING] Learning & Develoonent (65) File Explorer | Bsusernacges MACHT 60147252 cances Panto 10% Windows CRN urs"
2026-06-14 21:03:19,Notepad,LEARNING,[LEARNING] Learning & Development,"1 botoe entering x + | © 5% © D> THF > Window) > lptep menting > Sexch top monteing a | One % © TT = 0 x joe | ; ~ 4 MuLca, satin tt prin Pte Pada inp","work_summary.txt - Notepad | ; ~ 4 MuLca, satin tt prin Pte Pada inptimt astt (wa wom b+ | row + sasa7 «128 (Leung) [Lemme earning & Development (268) Quick settings (be | Hite —xis22 [tenne) [Lennie] Leming & Development (On 398) Chrome | momoine + 11:26 — 11530 [Cente] [CEAMING] Learning & Development (98795) Brave | Bot + 11530 ~ 11338"" [LeaM6) [LEAtIIG) Learning & Development (135) Chrome | aden 11530 ~ 11:38 [Leno] [LEAMIVG] Learning & Development (285) Chrome | 1 Looks Like you spent most of your tine Learning and developing your skills, with a focus on combinatorics and deadlock handling. You | watched several YouTube videos on these topics, including lessons from RSD and 2 lecture on deadlock, You also briefly worked on | me sso mM ustopton LeetCode problen, Dut your coding sessions were quite short, totaling only about 2 minutes. | Bmn ‘Your tine was split mostly between learning and developsent, with about 51 minutes spent on this, and just a few minutes spent coding. | Bmonor ‘HET Were no meetings, 50 you had a pretty focused block of time to work on your skills. | oimay.neax I aotice that you had 2 few content switches, jumping between different YouTube videos and briefly opening File Explorer. However, you | : ‘also had sone Tonger focused blocks, Like the 20-mimite session where you watched a video on combinatorics. | O fone thing that stands out to me is that you might be spending a bit too much tine watching videos and not enough tine practicing your | > mono FB ont muss ofing skills. 1t°s great that you're learning new concepts, but it's also important to apply then to real problens."
2026-06-14 21:03:20,Notepad,LEARNING,[LEARNING] Learning & Development,"1 botoe entering x + | © © D> THRE > Windows (C9 > lptop montrng > Seach atop moniting a | 7 aC Hs cue, stain! sstnsl —patiepk Poked ro Podet ro inpo(","work_summary.txt - Notepad | 7 aC Hs cue, stain! sstnsl —patiepk Poked ro Podet ro inpo(int asteit (wa XC) waka + | 5 Q siize — 11:30 “[eamuine) [LeABUINE] Learning & Developaent (28 205) Brave | en 8 ‘1:30 — 11:30"" [Leamuzne) [LEARIING) Learning & Development (135) chrome | Bivins + — 11:30 [ueamumne) [CEAMUING] Learning & Development (288) chrome | Beowe Te Looks 11ke you spent most of your time learning and developing your skiI1s, with a focus on combinatorics and deadlock handling. You | aicvicy watched several YouTube videos on these toples, Including lessons from MSO and 2 lecture on deadlock, You also briefly worked on | oo Veetcode problem, but your coding sessions were quite shirt, totaling only about 2 minites, | Cee Your tine was split mostly between learning and development, with about $1 minites spent on this, and Jost a few mimites spent coding. | Baws here were no meetings, s0 you had a pretty focesed block oF time to work on your skills. | 5 1 notice that you had a feu context sultches, jumping between different YouTube videos and briefly opening File Explorer. However, you | mcs sae Lop tents 2150 had some longer focused blocks, Like the Zovninite session where you watched a video on conbleatories. | Bm fone thing that stands out to me Ss that you might be spending a bit too much tine watching videos and not enough tine practicing your | Boonen coUlNgsKLTT5. It's great that you're learning new concepts, but t's also laportat to apply then to real probes | pimay.mcan FOF your next session, 1° suggest setting aside a dedicated block of tine to work on a specific coding problen, like a Leetcode | hallenge. Try to minimize context sultehes and stay Focused on the problem at hand. This will help you bulld your coding muscles and | > mca Brcroue —_Felnforce the concepts you've been learning. | osu ca 6014128 dncten Pinto 108 Windows ure"
2026-06-14 21:03:22,Notepad,LEARNING,[LEARNING] Learning & Development,"1 botoe entering x + | © 5 © D> TPC > Windows(C) > laptop monitring > Search ptop moiteing a | 7 m Be cue, tetintsh satel — patente Pode Roda Pe ingor","work_summary.txt - Notepad | 7 m Be cue, tetintsh satel — patente Pode Roda Pe ingore ast (wor) wen b+ | Brae + 11:30 11:30 [LEARITNG] [LEARNING] Learning & Development (285) chrone | aes watched several YouTube videos on these topics, including lessons from MSO and 9 lecture on deadlock, YoU also Briefly worked on a | monone crece, [eetCode problem, but your coding sessions were quite short, totaling only about 2 minutes. | Boater + ‘Your tine was split mostly between learning and developsent, with about 51 minutes spent on this, and just a few minutes spent coding. | Fccnjoo There were no meetings, 50 you had a pretty focused block of tine to work on your skills. | In coer 1 notice that you had a few context switches, jumping between different YouTube videos and briefly opening File Explorer. However, you | cong ‘also had sone Tonger focused blocks, Like the 20-mimite session where you watched a video on combinatorics. | tm eastcus one thing that stands out to me is that you might be spending a bit too much tine watching videos and not enough tine practicing your | me sso mustosvunns 20108 SKILLS, TEs great thot you're learning mew concepts, but It°s also lnportant £0 apply then to real problens. | Bmn ‘For your next session, 1'd suggest setting aside a dedicated block of tine to work on a specific coding problem, Like a Leetcode | Challenge, Try to minimize context switches and stay focused on the problem at hand. This will help you bulld your coding muscles and | Bmonir __Feinforce the concepts you've been learning. | > mcwvve cast] pinay: | Meepnne ATIVE Tnecane"
2026-06-14 21:03:29,Notepad,LEARNING,[LEARNING] Learning & Development,"1 botoe entering x + | © 5 GD > TiseC > Windows) > laptop montering > Search laptop monitrng a | nen XO oo OD Preiew | 4 MULE, Deiat aig — pa Post Pr","work_summary.txt - Notepad | rears ¢ — Macwvsincin —gasa9 — 31:30 (LEABUING) [LEAMLING] Learning & Developaent (288) chrome | jcated block of time to work on 2 specific coding problem, Like a Leetcode | challenge. Try to minimize context switches and stay focused on the problem at hand. This will help you build your coding muscles and | Bmontor reinforce the concepts you've been learning. | Meegmne ATIVE Tnecane | Wasa.cat voeta7as2 ects Paint 10% Windows CRN urs"
2026-06-14 21:03:31,Notepad,LEARNING,[LEARNING] Learning & Development,"1 botoe entering x + | © 5 GD > TiseC > Windows) > laptop montering > Search laptop monitrng a | Onn % O @ en re | Be cue, tetintsh satel — patente Po","work_summary.txt - Notepad | Be cue, tetintsh satel — patente Pode Roda Pe ingore ast (wor) wen b+ | Bras 11:30 ~ 11:30 [Leamimne) [LEAMANG] Learning & Developeent (283) chrome | Gee To) umatteto generate tee x (ea tatcel | Bvvvinnoe Te looks Like you spent most of your tine learning and developing your skills, with a focus on combinatorics and deadlock handling. You | Becunperso, watched several YouTube videos on these topics, including lessons frow WSO and a Lecture on deadlock. You als0 Briefly worked on 8 | moon tree TeetCode problem, but your coding sessions were quite short, totaling only about 2 minutes. | Baty + Your tine was split mostly between learning and developent, with about 51 minutes spent on this, and just a few minutes spent coding. | MMcenico There were no meetings, 50 You had a pretty Focused block of tine fo work on Your skills. | Bccne _y notice that you had a few context switches, jumping between different YouTube videos and briefly opening File Explorer. However, you | ggg ___als0 hod sone Tonger focused blocks, Like the 2omimite session where you watched a video on combinatorics. | tm eastcus one thing that stands out to me is that you might be spending a bit too much tine watching videos and not enough tine practicing your | a Coding skills, 10's great that you're leaning new concepts, but 18° also laportant to pply then to real problens. | ane or your next session, 1°d suggest setting aside a dedicated block of tine to work on a specific coding problen, like a Leetcode | Challenge, Try to minimize context switches and stay focused on the problem at hand. This will help you bulld your coding muscles and | Bmonir __Feinforce the concepts you've been learning. | *eomnre Ansa.casoe 7252coraten Pinto 108 Win ure | Besar posamster7 —_YetDoaent sve"
2026-06-14 21:03:38,Notepad,LEARNING,[LEARNING] Learning & Development,1 botoe entering x + | © 5 © D> THRE > Windows (Cd > laptop montaring > Searchaptop monteing | \ a Bo smucunas votents astep! pace Pott Po Pott Po Snp,"work_summary.txt - Notepad | heures 6 Racy since | mans Bi oexp Mone: | > mcwvve cast] pinay: | 1 sooKs Luxe You pune most UF Your ume LearMANg ah UeveLOpINg Your SRLS, HLH g TOLUS on CoMINALOFIES aH UeBLLOLR ANLLAN YOH | watched several YouTube videos on these topics, including lessons from MSO and 2 lecture on deadlock. You also briefly worked on 3 | eetcode protien, but your coding sessions were quite short, totaling only about 2 minutes. | Your tine was split mostly between Learning and development, with about 51 minutes spent on this, and just 2 few minutes spent coding. | ‘There were no meetings, so you had a pretty focused block of time to work on your skills. | 1 notice that you had a few context switches, jumping between different YouTube videos and briefly opening File Explorer. However, you | ‘also had some Tonger focused blocks, Like the 20-minute session where you watched a video on conblnatories. | ‘ne thing that stands out to we is that you might be spending a bit too much tine watching videos and not enough tine practicing your | coding skills, It's great that you're learning new concepts, but it's also important to apply then to real problons. | ‘or your next session, I'd suggest setting aside a dedicated block of time to work on a specific coding problem, Like a Leetcode | challenge. try to mininize context switches and stay focused on the problem at hand. This will help you build your coding muscles and | reinforce the concepts you've been learning. | [Leamitns] Learning & Development: ah 1am | 40 ~ 18:40 [LEARNING] [LEARUING] Learning & Development (5s) chrome | search window ties, | [LEAWUING] [LEARUING) Learning & Development (15h 49m) Laptop Monitor (bs) | 10:30 ~ 10:31 [LEARIING) [LEARING] Learning & Development (29s) chrome | Wasa.came e722 crac Pinte 10% Windows CRN urs"
2026-06-14 21:03:40,Notepad,LEARNING,[LEARNING] Learning & Development,"1 botoe entering x + | « © O> ThePC > Window tC) > laptop menting > Sexch top monteing a | Om % © ® —_+- - gy Dain | a = 4 MuLca, satin tt prin Pte Pa","work_summary.txt - Notepad | a = 4 MuLca, satin tt prin Pte Pada inptimt astt (wa wom b+ | some ‘Vx tnatieto generate tte co x [6 carat . | BPcues + 11:38 — 11:41 [LEARNING] [LEARNING] Learning & Development (3m 34s) Brave | xisat — sisas [Lehme] [LENG] Leaning & Developent (Am 225) Chrome | Hv END x insbleto generate te-cass | sisas ~ 41:56. [LenNG} [UEAMIG] Learning & evelopment (108275) Brave | momoine + <ilere 2s ats bessocel | 11:56 — 41357. [Lenng) [UEAMNG) Learing & Development (AR 4s) Chrome | Bot + Paton moron autos mds | one 11:57 ~ sar0) [LeNNG) (LEANING) Learning & Development (58175) rave | me resamione 12j04 ~ 12:08 Tues) [LEARING] Learning & Development (85) Chrome | 23x umbleto generate teas: | me rsout x2s08 ~ sa:10 [Lenni] [UEAMIG] Leeming & Development (28475) Chrome | asssoe x2:10 ~ 42:15 [LennG) [LEMMING] Learning & Development (48365) rave | xaas — sas15 [oome] [Coote] Coding (Ns) ave | (tect 2 what is Deadock | 12:15 ~ 12:16 [LesMVG) [LEARING] Learning & Development (4s) srave | many bucket 11 ceecure 2 that 1s Deadock | Sue Bicowe 1286 ~ $2216 [coome} [CODING] Coding (135) Brave | Mondera {ceamme} (Lexne] Learning & Development (Am 275) quick settings (be) | Oo 2:2 {uranic} [Leamme] Learning & development (ats) rave | aaa a Col 308 47,252 characters Plain text 100% Windows ures"
2026-06-14 21:03:42,Notepad,LEARNING,[LEARNING] Learning & Development,"1 botoe entering x + | © 5 GD > TiseC > Windows) > laptop montering > Search laptop monitrng a | Onn % O @ en re | Be cue, tetintsh satel — patente Po","work_summary.txt - Notepad | Be cue, tetintsh satel — patente Pode Roda Pe ingore ast (wor) wen b+ | fore “ saiae ~ sa [ain [ving dng ai) “teave | chere 2: what isoendock | O=s 9 [LeaWans) [LEARNING] Learning & Developeent (40s) ""Brave | Bvwietpocesc 12:22 — 12:25"" [LEARUNG] [LEARUDG] Learning & Development (28 25) eave | , Bowe sass — 130 [Leamne] (Lame Learn & elm (Ls) ereve | GE szisa — 12:34"" [LeaRUne) [LEABUING] Learning & Development (1m 155) Chrome | Beene {6 Laptop noutTon | cosy 1 looks like you spent most of your time learning and developing your skis, with a focus on conbinatorics and deadlock concepts. You | g watched YouTube videos on these topics, Including lessons fram MSO, and explored related problems on LeetCode, You also briefly worked on | Coding exercises, specifically a problem related to deadlock. | Your tine was split mostly between learning and developaent, with about 1 hour and 11 minutes spent on this, and only about 2 minutes | Bm Spent on actual coding. There were no meetings, s0 it mas a’ solo work session. | > meoucoresat) Brower the sequence of activities was a bit choppy, with many context switches between different resources and topics. You'd watch 2 video, then | rnan.ndet Quickly switch to a coding exercise, and then jump back to learning again. This might have made it hard to dive deep into any one topic. | > ema Wrcrowe one thing that stands out 1s that you seemed to struggle to stay focused on coding, with most of your tine spent on learning and watching | videos. This might Indicate that you're still building your foundation in these areas, which Is totally fine. | o Mey andn FOF YOUF next session, try LO set aside a dedicated block of tine for coding, without any distractions or context suitches. This will help | Domes, WIECH M22ewnces st uy"
2026-06-14 21:03:43,Notepad,LEARNING,[LEARNING] Learning & Development,1 tos moneing x + | © > © O> THePC > Windows (G) > taptop montatng > Seer gt montng a | Onn % © @ me a 9 x eee | ; = Be 6 meine; teint ssttsl patie Pa,"work_summary.txt - Notepad | ; = Be 6 meine; teint ssttsl patie Padi Poste kmpatiine sant (wa wom b+ | et 12:22 ~ 12:22 [Lea] [LEAWiNG] Learning & Development (aos) brave a | eu Bt sina — 12:25"" [Leautne) [Leama] Learning Developeent (2825) Brave | Bien 9) BO 12:30 ~ 12:30 [Leatmne} [LEAMAING] Learning & Development (105) Brave | Brean pecese (ete 2: shat Is Deadock | moon x22 — 12:34. [Leawne} [Leatuto] Learning & Developaent (18355) chrone | Search window ties, h | Mom Fe 1ooks like you epent mst oF your tine learning and developing your skills, with a focus on coninatorics and deadlock concepts. You | Bog watched YouTube videos on these tops, including Lessons frow #50, and explored elated problems on LeetCode. You also briefly worked on | Coding exercises, specifically a problem related to deadlock. | g Your tine was split mostly between Learning and development, with about 1 hour and 11 minutes spent on this, and only about 2 minutes | : ‘setoes penton actual coding. There were ho meetings, 50 1 was a SOLO wrk sessfon- | ‘he sequence of activities was a bit choppy, with many context sultches between different resources and topics. You'd watch a video, then | ane ‘uickly suitch to a coding exercise, and then jimp Back to learning again. This wight have made it hard to dive deep into any one topic: | Mme ‘one thing that stands out is that you seemed to struggle to stay focused on coding, with most of your time spent on learning and watching | pinay cer videos, THs might indicate that you're still bung your foundation in these areas, which 1s tally fine” | > mon (Drcsome For your next session, try to set aside a dedicated block of time for coding, without any distractions or context switches. This will help | 5 you make progress on Sct problems and exercises, and reinforce your learning. | POETS Denencrse, URES 728 ence painter Wino mun ura | Broewnnay posamster7 —_YetDoaent se"
2026-06-14 21:03:51,Unknown,LEARNING,[LEARNING] Learning & Development,"me regen | Monge! oy | sumxcr Noi, | «mucin, venents! astrp! prc Pet Po Product Pro apart (use astaat work X worksimm | Fle Edt View Wess prs eae | 12","«mucin, venents! astrp! prc Pet Po Product Pro apart (use astaat work X worksimm | 12:22 ~ 12:22 [Leanume} [LeaWNG] Learning & Development (aos) brave | 12:22 — 12:25"" [LEARNING] [LEARUING] Learning & Development (3m 25) Brave | 12:30 ~ 12:30 [LEARIING] [LEAWING] Learning & Development (10s) Brave | 12:32 — 12:34 [LEARUNG) [LEARUING] Learning & Development (1m 155) Chrome | search window thes, hy | Tt looks like you spent most of your tine learning and developing your skills, with a focus on combinatorics and deadlock concepts. You | watched YouTube videos on these topics, including. lessons from MSO, and explored related problems on LeetCode. You also briefly worked on | Coding exercises, specifically a problem related to deadlock. | Your tine was split mostly between Learning and development, with about 1 hour and 11 minutes spent on this, and only about 2 minutes | Spent on actual coding. There were no meetings, so it was a solo work session. | The sequence of activities mas a bit choppy, with many context switches between different resources and topics. You'd watch a video, then | ‘quickly switch to a coding exercise, and then jump back to learning again. This might have made it hard to dive deep into any one topic. | (ne thing that stands out is that you seemed to struggle to stay focused on coding, with most of your time spent on learning and watching, | videos. This might indicate that you're still building your foundation in these areas, which is totally Fine. | For your next session, try to set aside 2 dedicated block of time for coding, without any distractions or context switches. This will help | you make progress on actual problems and exercises, and reinforce your learning."
2026-06-14 21:03:52,Notepad,LEARNING,[LEARNING] Learning & Development,"1 botoe entering x + | « 4% © D> TWisPC > Windows (C) > laptop monterng > Sere lptop moniteing a | One % © — ++ - gy Pein | ; ~ 4 MULE, Deiat aig — pa","work_summary.txt - Notepad | 12:00 — 12:40” [Lewis] [EARNING] Learning 8 Development (2m 475) chrone | Brae + ‘7X Unsbleto generate te-cass | use + 12:10 — 12:15 [LeawuNa) [LEARING] Learning & Development (an 165) Brave | Wivien + 12:15 — 12:15 [coomNs) [COOING] Coding (21s) Brave | monone 42:15 — 12:16 [LEARNING] [LEAMUTNG] Learning & Development (44s) Brave | oy 12:16 — 12:16 [coors] [CoOING] Coding (12s) Brave | here 2: shat dsdendock | [Leawuno} [Leathe] Learning & Development (4m 375) Quick settings [be] | ma 252025000 22 — 12:22 [LEARNING] [LEAKING] Learning & Developeent (40s) Brave | 12:22 — 12:25"" [LEARNING] [LEARUING] Learning & Development (3m 25) Brave | (Ge (tere 2: that 15 Deadock | 30 — 12:30 [LEARUING] [LEARIING] Learning & Development (105) Brave | 12:32 — 12:34"" [LEARUNG) [LEARUING] Learning & Development (1m 155) Chrome | search window thes, hy | fpiman.duset Tt Looks Like you spent most of your time learning and developing your skills, with a focus on combinatorics and deadlock concepts. You | Drcaove Watched YouTube videos on these topics, including. lessons from MSO, and explored related problems on LeetCode. You also briefly worked on | > mica Coding exercises, specifically a problem related to deadlock. | Your tine was split nostly between learning and development, with about 1 hour and 11 minutes spent on this, and only about 2 minutes | 2) (sa cate 47282 chance Pn ot 0% Window unre"
2026-06-14 21:03:54,Notepad,LEARNING,[LEARNING] Learning & Development,"1 botoe entering x + | « 4% © D> TWisPC > Windows (C) > laptop monterng > Sere lptop moniteing a | One % © ® — ++ - gy Pein | 7 aC 4 MULE, Deiat aig —","work_summary.txt - Notepad | Oesan5 2 ‘10:44 — 10:45 [LEARNING] [LEARUING) Learning & Development (115) File explorer | 46 — 11:07 [LEARING] [LEARNING] Learning & Development (208 405) chrose | 41:07 ~ 1110"" [LEAWUNG] [LEAWING] Learning & Developeent (2m 46s) chrome | ED Lecture ai: what is Deadlock | Bain + suit = 1:11 [eooine] [Coomé] coding (158) Brave | icp monte sus — 1116"" [LEAWUNG] [LEAWING] Learning & Developeent (4 15) chrome | te 25 2028004 susie ~ 1117 [Learn] [LEAWING] Learning & Developeent (3m 225) chrome | olise knows; Richarison | 17 « 11:18 [Lesttno] [LEAWING] Learning & Developrent (265) Quick settings [be] | me sso 18 — 11:22 [LEAWING] [LEARUING] Learning & Development (2m 595) Chose | saias — 11:26 [co0mNe} [CODING] coding (1m 35) Brave | > meomorsst 11:26 ~ 11:90 [Lean] [LEAWING] Learning & Developeent (2m 20s) brave | 11:30 ~ 11:30"" [LEARUNG} [LEAWNG] Learning & Developrent (235) chose | 1u:3e ~ 11:90 (LeATun} [LEARUING] Learning & Developaent (285) chose | > @onive FB cont 10) unatieto generate tee x | se. sep. andyn 11:32 — 12:35 “TLEARIING] TLEARITNGT Learnine & Develoosent (im 448). chrone | a coon Bowen tnsaesiom 2:2eancen Pinte 1 Windows RL ue"
2026-06-14 21:03:55,Notepad,LEARNING,[LEARNING] Learning & Development,1 botoe entering x + | « © D> TWePC > Windows (C) > loptop montrng > Search top monitesing a | Onn % © ® — ++ ~ oo x eee | ; = Be 6 meine; teint sstts,"work_summary.txt - Notepad | ; = Be 6 meine; teint ssttsl patie Padi Poste kmpatiine sant (wa wom b+ | = 7 “oitng sis, iTS great at you're Learning now concep, but i0°S aso inportant to oppiy tom to real prabieas. | On. 3 or your next session, 1°d suggest setting aside a dedicated block of tine to work on a specific coding problen, like a Leetcode | challenge. ‘try to minimize context switches and stay focused on the problem at hand. This will help you build your coding miscles and | a 5 reinforce the concepts you've been learning | Bain + {Testy Learning & Developacnt? ih tim | tcp monte scravery vaneune | we 18:40 ~ 18:40 [LEARNING] [LEAWUING] Learning & Development (35) chrome | search window ties, | "" [LEAWUING] [LEARUING) Learning & Development (15h 49m) Laptop Monitor (bs) | 30 — 10:31 [LEARUING} [LEARIING] Learning & Development (295) Chrome | 20:31 — 10:31 [LEARING] [LEARUING] Learning & Development (6s) File Explorer | 10:31 ~ 10:31 [LEANING] [LEAWING] Learning & Development (7s) chrove | MM prmay.buset 10:31 — 10:32 [LEARNING] [LEARNING] Learning & Development (1m 14s) Chrome | > Be mccn exo 10:32 — 10:35 [LEARNG] [LEARUING] Learning & Development (2m 415) Chrome | 2) come 12sec 10% Windows unre | Ewan sre reoeamsiet2 _Pyoansouce ile a | DS Neneure i vorksunnny 1306520061817 Tet Document ery"
2026-06-14 21:03:56,Notepad,LEARNING,[LEARNING] Learning & Development,1 tos moneing x + | © 5 © D> TPC > Windows(C) > laptop monitring > Search ptop moiteing | ; ~ Bo smucunas votents astep! pace Pott Po Pott Po Snpetuee,"work_summary.txt - Notepad | rcs # 1 Looks Like you spent most of your tine Learning and developing your skills, with a focus on combinatorics and deadlock handling. You | Que + Bowver watched several Youtube videos on these topics, including lessons fron M0 and a lecture on deadlock. You also briefly worked on 8 | 5 eetcode problen, tut your coding sessions were quite short, totaling only about 2 minites, | ut procese, YOU tine was split mostly between Learning and development, with about 51 minutes spent on this, and just a few minutes spent coding. | monone There were no meetings, 50 you had 2 pretty focused block of tine to work on Your skills. | Doster + 1 notice that you had a few context switches, jumping between different YouTube videos and briefly opening File Explorer. However, you | : FBccnioo aso had some Tonger focused blocks, like the 20-minute session where you watched a video on combinatorics. | Bccwe one thing that stands out to we is that you might be spending 2 bit too mich time watching videos and not enough time practicing your | ong coding Skills, 115 great that you're learning new concepts, but it's also important to apply then to real problems, | Massoous For your next session, I'd suggest setting aside a dedicated block of tine to work on a specific coding problen, like 2 Leetcode | meena muvtopvone Challenge. Try to minimize context switches and stay focused on the problen at hand. This will help you build your coding muscles and | reinforce the concepts you've been learning | Mpimay mcr (HEADING) Learning & Developeent: 1h an | > ema Brcsove erivnry ramet ane | 18:40 [LEAWUING] [LEARUING] Learning & Development (5s) chrone | Search window thes, h | o Rico andsye —-WE® sesstessteeteress 10:30 (LEADING) (LEACHING Learning & Development (25h 49m) Laptop Monitor (be) | DOR tnsaesiom 02S2emnce Pinto 18 Windows EU ue"
2026-06-14 21:04:08,Notepad,LEARNING,[LEARNING] Learning & Development,"1 botoe entering x + | « 4% D> THiePC > Windows’) > lptop monteing > Search laptop monitrng a | Onw- X © ye - eee | ; = Be ¢ smcine, tetinsh astesl pa","work_summary.txt - Notepad | mewn ‘There were no meetings, so you had a pretty focused block of | Bansjor ‘Knot ice that you had a feu context switches, jumping between different YouTube videos and briefly opening File Explorer. However, you | ‘also had some Tonger focused blocks, Like the 20-minute session where you watched a video on conblnatories. | ime fo work on your skills. | aes ‘ne thing that stands out to we is that you might be spending a bit too much tine watching videos and not enough tine practicing your | moncone # ‘PROC Coding Skills. It's great that you're learning new concepts, but it's also inportant to apply them to real problems. | * ‘or your next session, I'd suggest setting aside a dedicated block of time to work on a specific coding problem, Like a Leetcode | Fcearog challenge. Try to minimize context switches and stay Focused on the problem at hand. This will help you build your coding muscles and | p reinforce the concepts you've been learning. | Bcssncas Cearwnc] Learning & Development: th tim | Bron 18:40 ~ 18:40 [LEAWUING] [LEARING] Learning & Development (5s) chrone | search window ties, | [LEAWUING] [LEARUING) Learning & Development (15h 49m) Laptop Monitor (bs) | 9:30 — 10:31 [LEARNING] [LEARNING] Learning & Development (295) chrone | ren BD rcxowe = 20:31 [LEARNING] ie doing #bevtoment (6s) File Explorer | > @ombive Bim 1 — 30:31 [LEARIING] [LEARNING] Learning & Developeent (7s) chrome | Bheevp ann (0 onen atoo Giaie x + | twsa.cals08 7252ceeen Pinte 10% Windows CRN urs | DS Neneure i vorksunnny 1306520061817 Tet Document ery"
2026-06-14 21:04:19,File Explorer,LEARNING,[LEARNING] Learning & Development,tm eetp monterng a | © © D> TWP > Windows (C) > lptop montring > ‘Seach gto montring a | tm % O @ CO Msn vee oo pnee | L dowicats # | Name ° owemeied,laptop monitering - File Explorer | Hoccmnns # — Racinon osm 1108 Miso alco. 15D | Breas ¢ Mzcwysinene esas RSH Miso eGo. 1 | Boer 81 mene osams Ti) Miso bxelco.—7K8 | — Bnonor osams iro owasneie 198 | pOETD cont oat esas Rsk — Mico eGo. 38 | 5» monone Msco mean 20620615 Winlom Bae 6D
2026-06-14 21:04:27,Excel,LEARNING,[LEARNING] Learning & Development,"© @ Laptop MONITOR |Search window es highs, OCR tet | uoteshin | Toes WOM | | (etap Monitor | YORE Gite | 0 Ye pte Costs AC °. LAPTOP MONITOR | | {RO","activity_timeline - Excel | Search window es highs, OCR tet | {RO > 55 yout con/uatehve Alien Pasco"
2026-06-14 21:04:46,File Explorer,LEARNING,[LEARNING] Learning & Development,boo menteing x | © 5 2 © O> tar | arene) | SD sce | Ome Oe | nd ene | monte | Bey 6] menor | oor] Gots | cesseo|| Ose | mrstanoye | Bowe | manie | Mem,laptop monitering - File Explorer | ‘Search ptop monitering
2026-06-14 21:04:56,OneNote,LEARNING,[LEARNING] Learning & Development,OD © marot- omdote @-o«x | ia Home inst Orv Hilo Review View Help aseyncs| EE © | Cum) or —#— ae | Be snout — | ~ 7 apes | nO 9 Meow le,my & not - OneNote | ia Home inst Orv Hilo Review View Help aseyncs
2026-06-14 21:04:57,Chrome,LEARNING,[LEARNING] Learning & Development,"@ Laptop MONITOR Ado reeshin2s | Tol apres 76 | Search window ties, highlights, OCR tet | Luptop mantering File oer wk smart - Notepad work summary No","Laptop Monitor | @ Laptop MONITOR Ado reeshin2s | Search window ties, highlights, OCR tet | Luptop mantering File oer wk smart - Notepad work summary Notepad | laptop montering > Search laptop maitg 2 Onn % | 12 Wson-~ Bowe Oo] iewices #"
2026-06-14 21:05:00,Chrome,LEARNING,[LEARNING] Learning & Development,X (Wi Meet-apatohe OK) B Kos Grogan % | © Uptep Mentor xt | PAkGmins Ox | € > SF @© reergeogiecomojp-eto-e Br Of | 2106 | olp-ecko-te ©) Schantenda Ye,Meet – ojp-exko-fve | ‘Share just a tab or a different window instead. @. ‘Coneibutors aos
2026-06-14 21:15:33,Chrome,LEARNING,[LEARNING] Learning & Development,€ > 6 @ menrscogeconvopr eo ve mr BAG | techarys Q_ Search for pe | Ng IN THE MEETING | screen or browser window. | low instead. obiclneleh) Contribut,Meet – ojp-exko-fve | screen or browser window. | low instead. obiclneleh) Contributors
2026-06-14 21:15:34,Chrome,LEARNING,[LEARNING] Learning & Development,YO cownasroe XE Meet cip-e1ko-te GR) Bares -cwoqcovs % | © Laptop Monitor x oF + Ask Gemini o x | Shubhobrata Bhattacharya Q_ Search | IN THE MEETING,Meet – ojp-exko-fve | YO cownasroe XE Meet cip-e1ko-te GR) Bares -cwoqcovs % | Shubhobrata Bhattacharya Q_ Search | More options for Anwesha #
2026-06-14 21:15:35,Chrome,LEARNING,[LEARNING] Learning & Development,"96 © mmecaeconij-eo-e | You are presenting | ‘To avoid an infty miro, dont share your entire screen or browser window. | ‘Share usta tab ora different","Meet – ojp-exko-fve | ‘To avoid an infty miro, dont share your entire screen or browser window. | ‘Share usta tab ora different window instead."
2026-06-14 21:15:37,Chrome,LEARNING,[LEARNING] Learning & Development,© covmasrop X (Wi Meet-apatohe OK) B Kos Grogan | © 6@ mmecacae cone | % | © Uptep Mentor xt | Shubhobrata Bhattacharya | BQ2Q0GOG00°8 | meuGGere | Be,Meet – ojp-exko-fve
2026-06-14 21:15:40,Chrome,LEARNING,[LEARNING] Learning & Development,Y) © cavnassoe x | W Wet Gretohe GX) B anres-coqins | @ Laptop Monitor xt Phkemins OX | © > © © meergeodieconvop o-he Sx OF | 2118 | ojp-exko-fve © [Z,"Meet – ojp-exko-fve | ojp-exko-fve © [Z) SobomMondel (You, presenting) Gzzz «:: | nota atch Q Search fr people | Te avoid an tity mir dont share your ete screen or browser window. | ‘Shar jst ta oa diferent window instead. ey Contrbutor. a4 | Stowmy screen anyway) (_ Stop presenting"
2026-06-14 21:15:44,Chrome,LEARNING,[LEARNING] Learning & Development,"XW Meet-apetone — @ XB AM Key croacows % | © Uptep Mentor « | HhkGemisi OX | Se eres mr OA | 2145 | ojp-exko-tve © [i] SchomMondal (You, presenting) [","Meet – ojp-exko-fve | ojp-exko-tve © [i] SchomMondal (You, presenting) [sop presenting ED"
2026-06-14 21:15:45,Chrome,LEARNING,[LEARNING] Learning & Development,¥) © covmssse X (Wi Metsapetohe OK) B Ake -crogcous % | © Uptep Mentor xt | © > © @ necrspotecomp-ao-he | 2145 | ojp-exko-tve © | Bt Add people | Q Se,Meet – ojp-exko-fve | ‘Anwesha Sengupta ‘Soho Mondal
2026-06-14 21:18:43,Chrome,LEARNING,[LEARNING] Learning & Development,,WhatsApp
2026-06-14 21:18:44,Chrome,LEARNING,[LEARNING] Learning & Development,¥ © covmcise x @ x | Banees-« x | © pop me xt + Ask Gemini o x | © > © 5 webatatspcom Gr oF | EB whatsApp Subhroto It 6 Project Head O- a: | om ra bos,WhatsApp | & B £62827 offal Group ete ingen pace. wewihve acl | GD ices amar ets aat ote pare | @ ‘Ankita Mukeree Nt Ece vintoregecs
2026-06-14 21:18:45,Chrome,LEARNING,[LEARNING] Learning & Development,+ © cavmasiee Rw et-opetore — @ x | © > © & mebuhatappcom | EB WhatsApp | ‘AL unweads7—Favourtes Groupes = | EE:TnP-Cell Updates Official Group Taresy,"WhatsApp | ‘AL unweads7—Favourtes Groupes = | EE:TnP-Cell Updates Official Group Taresy | ‘2, Subhroto it G Project Head moe | © Hest doesit rst some frends 99 ae you | Kal amea bosch tahoe? «o> | ‘Gets things in pace we wil have a cal, | amar ektu raat ohote pare so.) | Chole Sohom Sosa jak."
2026-06-14 21:18:46,Chrome,LEARNING,[LEARNING] Learning & Development,Unreod 57 Favours Groups 15 | ‘Ankita Mukherjee Nit Ece west | Mom 125 | (© Nesta doesrit rt some friends 99 ae you. | ‘Tannistha Nit Ee 5 | Ostcker °,"WhatsApp | Unreod 57 Favours Groups 15 | ‘Ankita Mukherjee Nit Ece west | Asha ts been aweck since the meet nds. @) | Kal amea bosch tahoe? «o> | ‘Gets things in pace we wil have a cal, | amar ektu raat ohote pare so.)"
2026-06-14 21:18:51,Chrome,LEARNING,[LEARNING] Learning & Development,+ © cavmasiee Rw et-opetore — @ x | € > 5 webuhasapncom | EB WhatsApp | Unreod 57 Favourtes Groups 15 | EE 23-27 Offical Group eras | ‘Socha Banerjee,"WhatsApp | Unreod 57 Favourtes Groups 15 | EE 23-27 Offical Group eras | ‘Socha Banerjee Nit Ex: 8 Tech Project Alou. | Electrical Engineers 2023-27 Batch’ 1247 | [EE:TnP-Cell Updates Official Group Tarsdy | ‘Ankita Mukherjee Nit Ece vast | Kal amea bosch tahoe? «o> | ‘Gets things in pace we wil have a cal, | amar ektu raat ohote pare so.) | Chole Sohom Sosa jak."
2026-06-14 21:19:02,Meet – ojp-exko-fve,LEARNING,[LEARNING] Learning & Development,¥ © cameo KW Met-opetome — @ x |B AM Keys-Geoqcous % | @ Uptep Mentor xt + Ak cami x | € > GS webswhatsapp.com: Ger DIF: | B WhatsApp £2 Subhroto ttc,"Meet – ojp-exko-fve | ‘Sieh Banwiee Mt Ee @BTech Project Alon. + | @ ectrical Engineers 202327 Batch 4% 1247 ‘ets tins in plac, we wi have call | EE: Hel Upetes Oficial Group ay | aSGT ORME = Chl Sta. Bota kw | 1 ‘ntpsmeet. google com/ojp-exko-fve | ‘ttpsiimeet. google, com/ojprexko-tve 29.37"
2026-06-14 21:20:13,Chrome,LEARNING,[LEARNING] Learning & Development,+ © cavmasiee x | © > © & mebuhatappcom | ‘AL unwead 57 Favourtes. Groupes = | Sneha Banerte Nt D8 Tech Pret Atm. | @ ectrical Engineers 202327 Batch,WhatsApp | ‘AL unwead 57 Favourtes. Groupes = | Sneha Banerte Nt D8 Tech Pret Atm. | @ ectrical Engineers 202327 Batch 4% 1247 | EE :THP-CellUpdetes Oficial Group hnny | Eswar: Bpcl O hires a | join kore gechi | Kal amea bosch tahoe? «o> | ‘Gets things in place we will have eal. | amar ektu raat ohote pare so.) | Chole Sohom Sosa jak. | nps:7meet sonal com/ojnerko fe apa7 wr
